DATA PEDIDO,DATA ENTREGA,PRODUTO,MEIO,FALHAS,STATUS,MOTIVO,Prazo
1/9/2004,5/1/2005,CONTAS A PAGAR,CNAB,11,Desistiu,NÃO CUMPRIU PRAZO,126
1/9/2004,27/10/2004,CONTAS A PAGAR,INTERNET,8,Desistiu,NÃO CUMPRIU PRAZO,56
9/9/2004,28/9/2004,COBRANÇA COM REGISTRO,CNAB,5,Operando,,19
10/9/2004,2/1/2005,COBRANÇA COM REGISTRO,CNAB,16,Desistiu,NÃO CUMPRIU PRAZO,114
13/9/2004,5/10/2004,CONTAS A PAGAR,INTERNET,5,Operando,,22
22/9/2004,19/1/2005,COBRANÇA COM REGISTRO,CNAB,11,Desistiu,MAU ATENDIMENTO,119
22/9/2004,19/1/2005,CONTAS A PAGAR,CNAB,13,Desistiu,NÃO CUMPRIU PRAZO,119
22/9/2004,12/10/2004,CONTAS A PAGAR,CNAB,2,Desistiu,OFERTA CONCORRENCIA,20
22/9/2004,15/11/2004,CONTAS A PAGAR,INTERNET,7,Desistiu,NÃO CUMPRIU PRAZO,54
22/9/2004,19/10/2004,COBRANÇA SEM REGISTRO,INTERNET,5,Desistiu,MUDANÇAS INTERNAS,27
22/9/2004,29/10/2004,CONTAS A PAGAR,INTERNET,6,Operando,,37
22/9/2004,27/10/2004,COBRANÇA COM REGISTRO,INTERNET,3,Operando,,35
22/9/2004,27/10/2004,CONTAS A PAGAR,INTERNET,4,Operando,,35
24/9/2004,2/12/2004,CONTAS A PAGAR,CNAB,9,Desistiu,NÃO CUMPRIU PRAZO,69
24/9/2004,15/11/2004,CONTAS A PAGAR,CNAB,6,Desistiu,NÃO CUMPRIU PRAZO,52
24/9/2004,18/10/2004,CONTAS A PAGAR,INTERNET,5,Operando,,24
27/9/2004,3/12/2004,CONTAS A PAGAR,CNAB,9,Desistiu,NÃO CUMPRIU PRAZO,67
27/9/2004,8/11/2004,COBRANÇA COM REGISTRO,CNAB,7,Desistiu,MUITA BUROCRACIA,42
27/9/2004,8/11/2004,CONTAS A PAGAR,CNAB,5,Desistiu,MUDANÇAS INTERNAS,42
27/9/2004,19/11/2004,CONTAS A PAGAR,INTERNET,8,Desistiu,MUITA BUROCRACIA,53
27/9/2004,27/10/2004,CONTAS A PAGAR,INTERNET,6,Desistiu,MAU ATENDIMENTO,30
27/9/2004,16/10/2004,CONTAS A PAGAR,INTERNET,4,Operando,,19
27/9/2004,14/10/2004,COBRANÇA COM REGISTRO,INTERNET,4,Operando,,17
28/9/2004,24/11/2004,COBRANÇA COM REGISTRO,CNAB,9,Operando,,57
29/9/2004,9/11/2004,COBRANÇA SEM REGISTRO,CNAB,6,Desistiu,NÃO CUMPRIU PRAZO,41
29/9/2004,18/10/2004,CONTAS A PAGAR,CNAB,5,Operando,,19
4/10/2004,2/11/2004,CONTAS A PAGAR,INTERNET,4,Desistiu,OFERTA CONCORRENCIA,29
4/10/2004,19/10/2004,CONTAS A PAGAR,INTERNET,4,Operando,,15
5/10/2004,7/11/2004,CONTAS A PAGAR,CNAB,4,Desistiu,NÃO CUMPRIU PRAZO,33
5/10/2004,14/11/2004,COBRANÇA COM REGISTRO,INTERNET,6,Desistiu,MUITA BUROCRACIA,40
6/10/2004,30/1/2005,CONTAS A PAGAR,CNAB,12,Desistiu,NÃO CUMPRIU PRAZO,116
6/10/2004,24/1/2005,COBRANÇA COM REGISTRO,CNAB,12,Desistiu,NÃO CUMPRIU PRAZO,110
7/10/2004,15/11/2004,CONTAS A PAGAR,CNAB,5,Desistiu,MUITA BUROCRACIA,39
7/10/2004,24/11/2004,CONTAS A PAGAR,INTERNET,7,Desistiu,MAU ATENDIMENTO,48
7/10/2004,20/10/2004,CONTAS A PAGAR,CNAB,3,Operando,,13
8/10/2004,23/1/2005,COBRANÇA COM REGISTRO,CNAB,12,Desistiu,NÃO CUMPRIU PRAZO,107
8/10/2004,23/11/2004,COBRANÇA COM REGISTRO,CNAB,10,Operando,,46
8/10/2004,22/10/2004,COBRANÇA SEM REGISTRO,CNAB,4,Operando,,14
8/10/2004,30/10/2004,CONTAS A PAGAR,INTERNET,5,Operando,,22
8/10/2004,24/10/2004,CONTAS A PAGAR,INTERNET,3,Operando,,16
8/10/2004,23/10/2004,COBRANÇA COM REGISTRO,INTERNET,1,Operando,,15
14/10/2004,28/11/2004,COBRANÇA COM REGISTRO,INTERNET,6,Desistiu,NÃO CUMPRIU PRAZO,45
14/10/2004,28/10/2004,CONTAS A PAGAR,INTERNET,5,Operando,,14
15/10/2004,21/12/2004,COBRANÇA COM REGISTRO,CNAB,7,Desistiu,MUITA BUROCRACIA,67
15/10/2004,4/12/2004,COBRANÇA SEM REGISTRO,CNAB,8,Desistiu,NÃO CUMPRIU PRAZO,50
15/10/2004,25/11/2004,CONTAS A PAGAR,CNAB,7,Desistiu,OUTROS,41
15/10/2004,23/11/2004,CONTAS A PAGAR,INTERNET,6,Desistiu,FALTA DE RETORNO,39
15/10/2004,6/11/2004,COBRANÇA COM REGISTRO,CNAB,6,Operando,,22
15/10/2004,16/11/2004,CONTAS A PAGAR,INTERNET,6,Operando,,32
15/10/2004,30/10/2004,COBRANÇA COM REGISTRO,INTERNET,2,Operando,,15
18/10/2004,4/2/2005,CONTAS A PAGAR,CNAB,9,Desistiu,NÃO CUMPRIU PRAZO,109
18/10/2004,3/2/2005,CONTAS A PAGAR,CNAB,15,Desistiu,NÃO CUMPRIU PRAZO,108
18/10/2004,3/2/2005,CONTAS A PAGAR,CNAB,13,Desistiu,NÃO CUMPRIU PRAZO,108
18/10/2004,2/2/2005,CONTAS A PAGAR,CNAB,12,Desistiu,NÃO CUMPRIU PRAZO,107
18/10/2004,2/2/2005,CONTAS A PAGAR,CNAB,15,Desistiu,MAU ATENDIMENTO,107
18/10/2004,1/2/2005,CONTAS A PAGAR,CNAB,11,Desistiu,MUITA BUROCRACIA,106
18/10/2004,23/1/2005,CONTAS A PAGAR,CNAB,12,Desistiu,NÃO CUMPRIU PRAZO,97
18/10/2004,22/1/2005,CONTAS A PAGAR,CNAB,9,Desistiu,MUITA BUROCRACIA,96
18/10/2004,5/12/2004,CONTAS A PAGAR,INTERNET,7,Desistiu,NÃO CUMPRIU PRAZO,48
18/10/2004,3/12/2004,COBRANÇA COM REGISTRO,INTERNET,4,Desistiu,NÃO CUMPRIU PRAZO,46
18/10/2004,3/12/2004,COBRANÇA SEM REGISTRO,INTERNET,7,Desistiu,FALTA ASSISTENCIA TECNICA,46
18/10/2004,2/12/2004,COBRANÇA COM REGISTRO,INTERNET,9,Desistiu,MUITA BUROCRACIA,45
18/10/2004,2/12/2004,COBRANÇA COM REGISTRO,INTERNET,6,Desistiu,MUITA BUROCRACIA,45
18/10/2004,15/11/2004,CONTAS A PAGAR,CNAB,7,Operando,,28
18/10/2004,29/11/2004,CONTAS A PAGAR,INTERNET,7,Operando,,42
18/10/2004,27/11/2004,CONTAS A PAGAR,INTERNET,4,Operando,,40
18/10/2004,27/11/2004,CONTAS A PAGAR,INTERNET,6,Operando,,40
18/10/2004,26/11/2004,CONTAS A PAGAR,INTERNET,5,Operando,,39
18/10/2004,26/11/2004,CONTAS A PAGAR,INTERNET,6,Operando,,39
18/10/2004,26/11/2004,CONTAS A PAGAR,INTERNET,5,Operando,,39
18/10/2004,26/11/2004,CONTAS A PAGAR,INTERNET,7,Operando,,39
18/10/2004,25/11/2004,CONTAS A PAGAR,INTERNET,9,Operando,,38
18/10/2004,25/11/2004,CONTAS A PAGAR,INTERNET,5,Operando,,38
18/10/2004,23/11/2004,CONTAS A PAGAR,INTERNET,5,Operando,,36
18/10/2004,27/10/2004,COBRANÇA SEM REGISTRO,INTERNET,3,Operando,,9
18/10/2004,27/10/2004,COBRANÇA SEM REGISTRO,INTERNET,2,Operando,,9
19/10/2004,7/2/2005,CONTAS A PAGAR,CNAB,12,Desistiu,NÃO CUMPRIU PRAZO,111
19/10/2004,31/1/2005,COBRANÇA SEM REGISTRO,CNAB,11,Desistiu,NÃO CUMPRIU PRAZO,104
19/10/2004,9/11/2004,COBRANÇA COM REGISTRO,CNAB,4,Operando,,21
19/10/2004,17/11/2004,CONTAS A PAGAR,INTERNET,7,Operando,,29
19/10/2004,9/11/2004,CONTAS A PAGAR,INTERNET,4,Operando,,21
20/10/2004,18/11/2004,CONTAS A PAGAR,INTERNET,7,Desistiu,MUITA BUROCRACIA,29
22/10/2004,4/2/2005,COBRANÇA COM REGISTRO,CNAB,12,Desistiu,NÃO CUMPRIU PRAZO,105
22/10/2004,6/11/2004,CONTAS A PAGAR,CNAB,3,Desistiu,FALTA ASSISTENCIA TECNICA,15
22/10/2004,31/1/2005,CONTAS A PAGAR,INTERNET,12,Desistiu,MUITA BUROCRACIA,101
22/10/2004,11/12/2004,CONTAS A PAGAR,INTERNET,8,Operando,,50
22/10/2004,18/11/2004,CONTAS A PAGAR,INTERNET,5,Operando,,27
25/10/2004,25/11/2004,CONTAS A PAGAR,CNAB,3,Operando,,31
26/10/2004,7/2/2005,CONTAS A PAGAR,CNAB,11,Desistiu,NÃO CUMPRIU PRAZO,104
26/10/2004,24/12/2004,COBRANÇA COM REGISTRO,CNAB,7,Desistiu,MUDANÇAS INTERNAS,59
26/10/2004,26/11/2004,CONTAS A PAGAR,CNAB,5,Desistiu,OFERTA CONCORRENCIA,31
26/10/2004,7/12/2004,COBRANÇA COM REGISTRO,INTERNET,6,Operando,,42
27/10/2004,8/2/2005,COBRANÇA SEM REGISTRO,CNAB,12,Desistiu,NÃO CUMPRIU PRAZO,104
27/10/2004,8/2/2005,CONTAS A PAGAR,CNAB,13,Desistiu,NÃO CUMPRIU PRAZO,104
27/10/2004,28/1/2005,COBRANÇA COM REGISTRO,CNAB,9,Desistiu,NÃO CUMPRIU PRAZO,93
27/10/2004,11/12/2004,CONTAS A PAGAR,INTERNET,6,Desistiu,MUITA BUROCRACIA,45
27/10/2004,11/12/2004,CONTAS A PAGAR,INTERNET,7,Operando,,45
28/10/2004,21/1/2005,COBRANÇA COM REGISTRO,CNAB,10,Desistiu,FALTA ASSISTENCIA TECNICA,85
28/10/2004,28/1/2005,CONTAS A PAGAR,INTERNET,11,Desistiu,NÃO CUMPRIU PRAZO,92
28/10/2004,2/12/2004,CONTAS A PAGAR,INTERNET,5,Desistiu,MUITA BUROCRACIA,35
29/10/2004,26/11/2004,CONTAS A PAGAR,INTERNET,6,Operando,,28
29/10/2004,25/11/2004,CONTAS A PAGAR,INTERNET,6,Operando,,27
1/11/2004,11/2/2005,COBRANÇA COM REGISTRO,CNAB,10,Desistiu,FALTA ASSISTENCIA TECNICA,102
1/11/2004,19/12/2004,CONTAS A PAGAR,INTERNET,7,Desistiu,NÃO CUMPRIU PRAZO,48
1/11/2004,17/12/2004,CONTAS A PAGAR,INTERNET,6,Desistiu,NÃO CUMPRIU PRAZO,46
1/11/2004,25/11/2004,CONTAS A PAGAR,INTERNET,5,Operando,,24
1/11/2004,23/11/2004,CONTAS A PAGAR,INTERNET,4,Operando,,22
1/11/2004,22/11/2004,COBRANÇA COM REGISTRO,INTERNET,2,Operando,,21
1/11/2004,22/11/2004,COBRANÇA SEM REGISTRO,INTERNET,3,Operando,,21
1/11/2004,22/11/2004,CONTAS A PAGAR,INTERNET,4,Operando,,21
3/11/2004,1/1/2005,CONTAS A PAGAR,CNAB,8,Desistiu,NÃO CUMPRIU PRAZO,59
3/11/2004,14/12/2004,CONTAS A PAGAR,INTERNET,4,Desistiu,NÃO CUMPRIU PRAZO,41
3/11/2004,25/11/2004,CONTAS A PAGAR,CNAB,5,Operando,,22
3/11/2004,6/12/2004,COBRANÇA SEM REGISTRO,INTERNET,5,Operando,,33
3/11/2004,24/11/2004,CONTAS A PAGAR,INTERNET,2,Operando,,21
4/11/2004,7/12/2004,CONTAS A PAGAR,INTERNET,5,Desistiu,OFERTA CONCORRENCIA,33
4/11/2004,1/1/2005,COBRANÇA COM REGISTRO,CNAB,9,Operando,,58
4/11/2004,19/11/2004,COBRANÇA COM REGISTRO,CNAB,2,Operando,,15
8/11/2004,2/12/2004,CONTAS A PAGAR,INTERNET,6,Operando,,24
9/11/2004,19/2/2005,COBRANÇA SEM REGISTRO,CNAB,9,Desistiu,NÃO CUMPRIU PRAZO,102
9/11/2004,23/12/2004,CONTAS A PAGAR,INTERNET,5,Desistiu,FALTA DE RETORNO,44
9/11/2004,16/12/2004,COBRANÇA COM REGISTRO,INTERNET,9,Desistiu,MUITA BUROCRACIA,37
9/11/2004,14/12/2004,COBRANÇA COM REGISTRO,CNAB,3,Operando,,35
10/11/2004,27/11/2004,COBRANÇA SEM REGISTRO,INTERNET,4,Operando,,17
11/11/2004,20/2/2005,COBRANÇA COM REGISTRO,CNAB,13,Desistiu,NÃO CUMPRIU PRAZO,101
11/11/2004,31/12/2004,CONTAS A PAGAR,INTERNET,8,Desistiu,NÃO CUMPRIU PRAZO,50
11/11/2004,27/12/2004,CONTAS A PAGAR,INTERNET,6,Desistiu,MUITA BUROCRACIA,46
11/11/2004,13/12/2004,CONTAS A PAGAR,INTERNET,5,Operando,,32
11/11/2004,23/11/2004,COBRANÇA COM REGISTRO,INTERNET,7,Operando,,12
12/11/2004,20/2/2005,CONTAS A PAGAR,CNAB,10,Desistiu,MAU ATENDIMENTO,100
12/11/2004,3/12/2004,CONTAS A PAGAR,CNAB,6,Desistiu,OFERTA CONCORRENCIA,21
12/11/2004,21/12/2004,CONTAS A PAGAR,INTERNET,5,Operando,,39
12/11/2004,13/12/2004,COBRANÇA COM REGISTRO,INTERNET,5,Operando,,31
17/11/2004,5/1/2005,COBRANÇA COM REGISTRO,CNAB,7,Desistiu,MUITA BUROCRACIA,49
19/11/2004,10/12/2004,COBRANÇA COM REGISTRO,INTERNET,5,Operando,,21
22/11/2004,3/1/2005,CONTAS A PAGAR,INTERNET,6,Desistiu,MUITA BUROCRACIA,42
22/11/2004,28/12/2004,CONTAS A PAGAR,INTERNET,5,Desistiu,OFERTA CONCORRENCIA,36
23/11/2004,28/2/2005,CONTAS A PAGAR,CNAB,11,Desistiu,MUITA BUROCRACIA,97
23/11/2004,19/2/2005,COBRANÇA COM REGISTRO,CNAB,9,Desistiu,FALTA ASSISTENCIA TECNICA,88
23/11/2004,20/12/2004,CONTAS A PAGAR,INTERNET,5,Desistiu,PREÇO DOS SERVIÇOS,27
23/11/2004,28/12/2004,CONTAS A PAGAR,CNAB,7,Operando,,35
24/11/2004,2/3/2005,CONTAS A PAGAR,CNAB,11,Desistiu,NÃO CUMPRIU PRAZO,98
24/11/2004,17/2/2005,CONTAS A PAGAR,CNAB,7,Desistiu,NÃO CUMPRIU PRAZO,85
24/11/2004,25/2/2005,CONTAS A PAGAR,INTERNET,11,Desistiu,NÃO CUMPRIU PRAZO,93
25/11/2004,25/12/2004,CONTAS A PAGAR,CNAB,6,Desistiu,FALTA DE RETORNO,30
29/11/2004,8/3/2005,COBRANÇA SEM REGISTRO,CNAB,11,Desistiu,MUITA BUROCRACIA,99
29/11/2004,6/3/2005,COBRANÇA SEM REGISTRO,CNAB,10,Desistiu,NÃO CUMPRIU PRAZO,97
29/11/2004,5/3/2005,COBRANÇA COM REGISTRO,CNAB,10,Desistiu,FALTA DE RETORNO,96
29/11/2004,5/3/2005,COBRANÇA SEM REGISTRO,CNAB,10,Desistiu,NÃO CUMPRIU PRAZO,96
29/11/2004,5/3/2005,COBRANÇA SEM REGISTRO,CNAB,10,Desistiu,MAU ATENDIMENTO,96
29/11/2004,20/1/2005,COBRANÇA COM REGISTRO,CNAB,4,Desistiu,MUITA BUROCRACIA,52
29/11/2004,4/1/2005,CONTAS A PAGAR,INTERNET,4,Operando,,36
30/11/2004,24/1/2005,CONTAS A PAGAR,INTERNET,5,Desistiu,MUITA BUROCRACIA,55
30/11/2004,7/1/2005,CONTAS A PAGAR,INTERNET,5,Desistiu,NÃO CUMPRIU PRAZO,38
30/11/2004,14/12/2004,COBRANÇA SEM REGISTRO,CNAB,4,Operando,,14
30/11/2004,22/1/2005,CONTAS A PAGAR,INTERNET,9,Operando,,53
30/11/2004,9/12/2004,CONTAS A PAGAR,INTERNET,4,Operando,,9
1/12/2004,13/1/2005,CONTAS A PAGAR,INTERNET,7,Desistiu,MUITA BUROCRACIA,43
1/12/2004,20/1/2005,CONTAS A PAGAR,INTERNET,6,Operando,,50
2/12/2004,21/1/2005,COBRANÇA COM REGISTRO,CNAB,8,Desistiu,NÃO CUMPRIU PRAZO,50
2/12/2004,16/1/2005,COBRANÇA COM REGISTRO,CNAB,7,Desistiu,FALTA ASSISTENCIA TECNICA,45
2/12/2004,27/1/2005,CONTAS A PAGAR,INTERNET,6,Desistiu,NÃO CUMPRIU PRAZO,56
2/12/2004,10/1/2005,CONTAS A PAGAR,INTERNET,8,Desistiu,NÃO CUMPRIU PRAZO,39
2/12/2004,2/1/2005,COBRANÇA SEM REGISTRO,INTERNET,3,Operando,,31
7/12/2004,2/2/2005,COBRANÇA COM REGISTRO,INTERNET,8,Desistiu,NÃO CUMPRIU PRAZO,57
7/12/2004,18/2/2005,CONTAS A PAGAR,INTERNET,8,Operando,,73
7/12/2004,14/1/2005,CONTAS A PAGAR,INTERNET,5,Operando,,38
7/12/2004,13/1/2005,CONTAS A PAGAR,INTERNET,7,Operando,,37
8/12/2004,2/3/2005,COBRANÇA COM REGISTRO,CNAB,8,Desistiu,NÃO CUMPRIU PRAZO,84
8/12/2004,1/3/2005,COBRANÇA COM REGISTRO,CNAB,10,Desistiu,NÃO CUMPRIU PRAZO,83
8/12/2004,18/1/2005,CONTAS A PAGAR,INTERNET,7,Desistiu,NÃO CUMPRIU PRAZO,41
8/12/2004,12/1/2005,COBRANÇA COM REGISTRO,CNAB,9,Operando,,35
8/12/2004,7/1/2005,CONTAS A PAGAR,INTERNET,4,Operando,,30
9/12/2004,18/3/2005,CONTAS A PAGAR,CNAB,10,Desistiu,NÃO CUMPRIU PRAZO,99
9/12/2004,18/1/2005,CONTAS A PAGAR,INTERNET,7,Operando,,40
9/12/2004,14/1/2005,CONTAS A PAGAR,INTERNET,8,Operando,,36
10/12/2004,20/3/2005,CONTAS A PAGAR,CNAB,9,Desistiu,NÃO CUMPRIU PRAZO,100
10/12/2004,28/2/2005,COBRANÇA COM REGISTRO,CNAB,10,Desistiu,NÃO CUMPRIU PRAZO,80
10/12/2004,4/1/2005,COBRANÇA COM REGISTRO,CNAB,7,Operando,,25
13/12/2004,13/1/2005,COBRANÇA COM REGISTRO,INTERNET,6,Operando,,31
14/12/2004,23/3/2005,CONTAS A PAGAR,CNAB,11,Desistiu,NÃO CUMPRIU PRAZO,99
14/12/2004,19/3/2005,CONTAS A PAGAR,CNAB,12,Desistiu,NÃO CUMPRIU PRAZO,95
14/12/2004,17/3/2005,CONTAS A PAGAR,CNAB,12,Desistiu,NÃO CUMPRIU PRAZO,93
15/12/2004,14/2/2005,CONTAS A PAGAR,CNAB,7,Desistiu,NÃO CUMPRIU PRAZO,61
16/12/2004,2/1/2005,COBRANÇA COM REGISTRO,CNAB,2,Desistiu,PREÇO DOS SERVIÇOS,17
16/12/2004,8/2/2005,CONTAS A PAGAR,INTERNET,14,Desistiu,MUITA BUROCRACIA,54
16/12/2004,16/1/2005,CONTAS A PAGAR,INTERNET,10,Operando,,31
16/12/2004,3/1/2005,COBRANÇA COM REGISTRO,INTERNET,4,Operando,,18
20/12/2004,27/3/2005,CONTAS A PAGAR,CNAB,9,Desistiu,NÃO CUMPRIU PRAZO,97
20/12/2004,17/2/2005,CONTAS A PAGAR,CNAB,6,Desistiu,MUITA BUROCRACIA,59
20/12/2004,25/1/2005,CONTAS A PAGAR,INTERNET,3,Desistiu,FALTA ASSISTENCIA TECNICA,36
21/12/2004,15/1/2005,COBRANÇA COM REGISTRO,INTERNET,2,Desistiu,OUTROS,25
21/12/2004,30/3/2005,COBRANÇA COM REGISTRO,CNAB,9,Operando,,99
21/12/2004,14/1/2005,COBRANÇA COM REGISTRO,CNAB,6,Operando,,24
21/12/2004,27/12/2004,COBRANÇA SEM REGISTRO,INTERNET,4,Operando,,6
22/12/2004,25/2/2005,CONTAS A PAGAR,CNAB,8,Desistiu,NÃO CUMPRIU PRAZO,65
22/12/2004,31/1/2005,COBRANÇA COM REGISTRO,CNAB,7,Desistiu,OFERTA CONCORRENCIA,40
22/12/2004,27/1/2005,CONTAS A PAGAR,CNAB,5,Desistiu,NÃO CUMPRIU PRAZO,36
22/12/2004,27/1/2005,CONTAS A PAGAR,CNAB,6,Desistiu,MUITA BUROCRACIA,36
22/12/2004,18/1/2005,COBRANÇA COM REGISTRO,CNAB,5,Operando,,27
23/12/2004,23/1/2005,CONTAS A PAGAR,INTERNET,5,Operando,,31
27/12/2004,8/3/2005,CONTAS A PAGAR,INTERNET,9,Desistiu,NÃO CUMPRIU PRAZO,71
27/12/2004,16/2/2005,CONTAS A PAGAR,INTERNET,7,Desistiu,MUITA BUROCRACIA,51
27/12/2004,24/1/2005,CONTAS A PAGAR,INTERNET,4,Desistiu,FALTA DE RETORNO,28
29/12/2004,27/3/2005,CONTAS A PAGAR,CNAB,9,Desistiu,NÃO CUMPRIU PRAZO,88
29/12/2004,16/3/2005,COBRANÇA COM REGISTRO,CNAB,10,Desistiu,NÃO CUMPRIU PRAZO,77
29/12/2004,7/3/2005,CONTAS A PAGAR,CNAB,8,Desistiu,NÃO CUMPRIU PRAZO,68
29/12/2004,4/2/2005,CONTAS A PAGAR,CNAB,5,Desistiu,OFERTA CONCORRENCIA,37
29/12/2004,6/2/2005,COBRANÇA COM REGISTRO,CNAB,5,Operando,,39
29/12/2004,5/2/2005,COBRANÇA COM REGISTRO,CNAB,6,Operando,,38
29/12/2004,6/2/2005,CONTAS A PAGAR,INTERNET,6,Operando,,39
29/12/2004,26/1/2005,CONTAS A PAGAR,INTERNET,7,Operando,,28
29/12/2004,25/1/2005,CONTAS A PAGAR,INTERNET,4,Operando,,27
29/12/2004,25/1/2005,CONTAS A PAGAR,INTERNET,8,Operando,,27
29/12/2004,25/1/2005,CONTAS A PAGAR,INTERNET,9,Operando,,27
29/12/2004,25/1/2005,CONTAS A PAGAR,INTERNET,5,Operando,,27
29/12/2004,24/1/2005,CONTAS A PAGAR,INTERNET,5,Operando,,26
29/12/2004,24/1/2005,CONTAS A PAGAR,INTERNET,5,Operando,,26
3/1/2005,17/2/2005,CONTAS A PAGAR,CNAB,7,Desistiu,MUITA BUROCRACIA,45
3/1/2005,15/2/2005,CONTAS A PAGAR,CNAB,6,Desistiu,MUITA BUROCRACIA,43
3/1/2005,15/2/2005,CONTAS A PAGAR,CNAB,8,Desistiu,FALTA ASSISTENCIA TECNICA,43
5/1/2005,19/2/2005,CONTAS A PAGAR,INTERNET,7,Desistiu,MUDANÇAS INTERNAS,45
6/1/2005,10/4/2005,CONTAS A PAGAR,INTERNET,11,Operando,,94
12/1/2005,1/3/2005,CONTAS A PAGAR,CNAB,8,Desistiu,NÃO CUMPRIU PRAZO,48
13/1/2005,22/2/2005,COBRANÇA COM REGISTRO,CNAB,5,Desistiu,FALTA ASSISTENCIA TECNICA,40
13/1/2005,22/2/2005,CONTAS A PAGAR,CNAB,6,Desistiu,NÃO CUMPRIU PRAZO,40
13/1/2005,4/4/2005,CONTAS A PAGAR,INTERNET,12,Desistiu,NÃO CUMPRIU PRAZO,81
13/1/2005,23/2/2005,CONTAS A PAGAR,INTERNET,3,Operando,,41
13/1/2005,23/2/2005,CONTAS A PAGAR,INTERNET,6,Operando,,41
13/1/2005,10/2/2005,CONTAS A PAGAR,INTERNET,4,Operando,,28
13/1/2005,9/2/2005,CONTAS A PAGAR,INTERNET,5,Operando,,27
13/1/2005,8/2/2005,CONTAS A PAGAR,INTERNET,4,Operando,,26
13/1/2005,18/1/2005,COBRANÇA COM REGISTRO,INTERNET,2,Operando,,5
14/1/2005,11/2/2005,COBRANÇA COM REGISTRO,CNAB,4,Operando,,28
14/1/2005,17/2/2005,COBRANÇA SEM REGISTRO,INTERNET,4,Operando,,34
17/1/2005,3/3/2005,CONTAS A PAGAR,INTERNET,7,Desistiu,NÃO CUMPRIU PRAZO,45
18/1/2005,1/4/2005,CONTAS A PAGAR,CNAB,9,Desistiu,MUITA BUROCRACIA,73
18/1/2005,20/4/2005,CONTAS A PAGAR,INTERNET,14,Desistiu,NÃO CUMPRIU PRAZO,92
18/1/2005,8/3/2005,CONTAS A PAGAR,INTERNET,6,Desistiu,NÃO CUMPRIU PRAZO,49
18/1/2005,5/3/2005,CONTAS A PAGAR,INTERNET,5,Desistiu,NÃO CUMPRIU PRAZO,46
18/1/2005,5/3/2005,CONTAS A PAGAR,INTERNET,7,Desistiu,NÃO CUMPRIU PRAZO,46
19/1/2005,20/3/2005,CONTAS A PAGAR,CNAB,9,Desistiu,NÃO CUMPRIU PRAZO,60
19/1/2005,4/2/2005,COBRANÇA COM REGISTRO,CNAB,3,Desistiu,MUDANÇAS INTERNAS,16
19/1/2005,28/1/2005,COBRANÇA COM REGISTRO,CNAB,4,Operando,,9
19/1/2005,16/2/2005,COBRANÇA COM REGISTRO,INTERNET,6,Operando,,28
19/1/2005,13/2/2005,CONTAS A PAGAR,INTERNET,5,Operando,,25
20/1/2005,21/4/2005,CONTAS A PAGAR,CNAB,9,Desistiu,NÃO CUMPRIU PRAZO,91
20/1/2005,2/4/2005,COBRANÇA COM REGISTRO,CNAB,7,Desistiu,FALTA ASSISTENCIA TECNICA,72
20/1/2005,20/4/2005,CONTAS A PAGAR,INTERNET,12,Desistiu,MUITA BUROCRACIA,90
20/1/2005,6/2/2005,COBRANÇA COM REGISTRO,CNAB,4,Operando,,17
20/1/2005,11/3/2005,CONTAS A PAGAR,INTERNET,8,Operando,,50
21/1/2005,13/4/2005,CONTAS A PAGAR,CNAB,10,Desistiu,MAU ATENDIMENTO,82
21/1/2005,17/2/2005,CONTAS A PAGAR,INTERNET,5,Operando,,27
24/1/2005,23/3/2005,COBRANÇA COM REGISTRO,CNAB,7,Desistiu,NÃO CUMPRIU PRAZO,58
26/1/2005,18/4/2005,CONTAS A PAGAR,CNAB,9,Desistiu,NÃO CUMPRIU PRAZO,82
26/1/2005,18/4/2005,CONTAS A PAGAR,CNAB,10,Desistiu,NÃO CUMPRIU PRAZO,82
27/1/2005,26/4/2005,CONTAS A PAGAR,CNAB,8,Desistiu,FALTA ASSISTENCIA TECNICA,89
27/1/2005,26/4/2005,CONTAS A PAGAR,CNAB,8,Desistiu,MUITA BUROCRACIA,89
27/1/2005,21/4/2005,CONTAS A PAGAR,CNAB,9,Desistiu,NÃO CUMPRIU PRAZO,84
27/1/2005,20/4/2005,CONTAS A PAGAR,CNAB,9,Desistiu,FALTA DE RETORNO,83
27/1/2005,19/4/2005,CONTAS A PAGAR,CNAB,12,Desistiu,MUITA BUROCRACIA,82
27/1/2005,19/4/2005,CONTAS A PAGAR,CNAB,9,Desistiu,NÃO CUMPRIU PRAZO,82
27/1/2005,18/4/2005,CONTAS A PAGAR,CNAB,9,Desistiu,NÃO CUMPRIU PRAZO,81
27/1/2005,18/4/2005,CONTAS A PAGAR,CNAB,9,Desistiu,NÃO CUMPRIU PRAZO,81
27/1/2005,9/4/2005,CONTAS A PAGAR,CNAB,8,Desistiu,NÃO CUMPRIU PRAZO,72
27/1/2005,7/4/2005,CONTAS A PAGAR,CNAB,9,Desistiu,MUITA BUROCRACIA,70
27/1/2005,11/3/2005,CONTAS A PAGAR,INTERNET,5,Desistiu,NÃO CUMPRIU PRAZO,43
27/1/2005,4/2/2005,CONTAS A PAGAR,INTERNET,5,Operando,,8
28/1/2005,21/3/2005,CONTAS A PAGAR,INTERNET,7,Desistiu,NÃO CUMPRIU PRAZO,52
28/1/2005,24/3/2005,CONTAS A PAGAR,CNAB,9,Operando,,55
31/1/2005,18/3/2005,COBRANÇA COM REGISTRO,INTERNET,8,Desistiu,NÃO CUMPRIU PRAZO,46
31/1/2005,21/2/2005,CONTAS A PAGAR,INTERNET,4,Operando,,21
31/1/2005,21/2/2005,CONTAS A PAGAR,INTERNET,4,Operando,,21
2/2/2005,17/3/2005,COBRANÇA COM REGISTRO,INTERNET,9,Desistiu,NÃO CUMPRIU PRAZO,43
2/2/2005,3/3/2005,CONTAS A PAGAR,INTERNET,6,Operando,,29
3/2/2005,28/3/2005,COBRANÇA COM REGISTRO,CNAB,8,Operando,,53
3/2/2005,18/3/2005,CONTAS A PAGAR,INTERNET,6,Operando,,43
4/2/2005,20/4/2005,CONTAS A PAGAR,INTERNET,7,Operando,,75
9/2/2005,1/5/2005,COBRANÇA COM REGISTRO,CNAB,11,Operando,,81
9/2/2005,29/4/2005,COBRANÇA COM REGISTRO,CNAB,9,Operando,,79
9/2/2005,1/3/2005,CONTAS A PAGAR,INTERNET,5,Operando,,20
11/2/2005,9/3/2005,CONTAS A PAGAR,INTERNET,4,Operando,,26
11/2/2005,1/3/2005,CONTAS A PAGAR,INTERNET,2,Operando,,18
14/2/2005,3/4/2005,COBRANÇA COM REGISTRO,CNAB,7,Desistiu,FALTA DE RETORNO,48
14/2/2005,9/3/2005,CONTAS A PAGAR,INTERNET,6,Operando,,23
14/2/2005,8/3/2005,CONTAS A PAGAR,INTERNET,2,Operando,,22
14/2/2005,24/2/2005,CONTAS A PAGAR,INTERNET,5,Operando,,10
15/2/2005,31/3/2005,CONTAS A PAGAR,INTERNET,8,Desistiu,MUITA BUROCRACIA,44
15/2/2005,22/3/2005,CONTAS A PAGAR,INTERNET,5,Desistiu,NÃO CUMPRIU PRAZO,35
15/2/2005,3/3/2005,CONTAS A PAGAR,INTERNET,2,Desistiu,OFERTA CONCORRENCIA,16
15/2/2005,19/3/2005,CONTAS A PAGAR,INTERNET,4,Operando,,32
15/2/2005,13/3/2005,CONTAS A PAGAR,INTERNET,7,Operando,,26
16/2/2005,1/4/2005,CONTAS A PAGAR,INTERNET,5,Desistiu,NÃO CUMPRIU PRAZO,44
16/2/2005,18/3/2005,CONTAS A PAGAR,INTERNET,4,Desistiu,NÃO CUMPRIU PRAZO,30
16/2/2005,1/3/2005,COBRANÇA COM REGISTRO,CNAB,4,Operando,,13
16/2/2005,11/3/2005,CONTAS A PAGAR,INTERNET,5,Operando,,23
17/2/2005,6/5/2005,COBRANÇA SEM REGISTRO,CNAB,8,Desistiu,NÃO CUMPRIU PRAZO,78
17/2/2005,31/3/2005,COBRANÇA COM REGISTRO,INTERNET,5,Desistiu,MAU ATENDIMENTO,42
17/2/2005,1/4/2005,CONTAS A PAGAR,INTERNET,5,Operando,,43
18/2/2005,24/4/2005,COBRANÇA SEM REGISTRO,CNAB,9,Desistiu,NÃO CUMPRIU PRAZO,65
18/2/2005,2/4/2005,COBRANÇA COM REGISTRO,INTERNET,7,Operando,,43
21/2/2005,14/3/2005,COBRANÇA COM REGISTRO,CNAB,8,Desistiu,OUTROS,21
21/2/2005,13/4/2005,CONTAS A PAGAR,INTERNET,6,Desistiu,NÃO CUMPRIU PRAZO,51
21/2/2005,28/3/2005,CONTAS A PAGAR,INTERNET,4,Desistiu,MUDANÇAS INTERNAS,35
21/2/2005,17/3/2005,COBRANÇA COM REGISTRO,CNAB,6,Operando,,24
21/2/2005,8/4/2005,CONTAS A PAGAR,INTERNET,5,Operando,,46
21/2/2005,24/3/2005,CONTAS A PAGAR,INTERNET,5,Operando,,31
21/2/2005,24/3/2005,CONTAS A PAGAR,INTERNET,6,Operando,,31
21/2/2005,24/3/2005,CONTAS A PAGAR,INTERNET,5,Operando,,31
21/2/2005,23/3/2005,CONTAS A PAGAR,INTERNET,5,Operando,,30
21/2/2005,15/3/2005,CONTAS A PAGAR,INTERNET,1,Operando,,22
21/2/2005,14/3/2005,COBRANÇA COM REGISTRO,INTERNET,5,Operando,,21
21/2/2005,10/3/2005,CONTAS A PAGAR,INTERNET,5,Operando,,17
21/2/2005,7/3/2005,CONTAS A PAGAR,INTERNET,5,Operando,,14
22/2/2005,27/4/2005,COBRANÇA COM REGISTRO,CNAB,7,Desistiu,FALTA ASSISTENCIA TECNICA,64
22/2/2005,5/5/2005,CONTAS A PAGAR,INTERNET,9,Desistiu,NÃO CUMPRIU PRAZO,72
22/2/2005,5/4/2005,CONTAS A PAGAR,INTERNET,6,Desistiu,FALTA ASSISTENCIA TECNICA,42
22/2/2005,29/3/2005,COBRANÇA COM REGISTRO,INTERNET,4,Operando,,35
22/2/2005,15/3/2005,COBRANÇA COM REGISTRO,INTERNET,6,Operando,,21
23/2/2005,28/4/2005,COBRANÇA COM REGISTRO,CNAB,9,Desistiu,NÃO CUMPRIU PRAZO,64
23/2/2005,28/4/2005,CONTAS A PAGAR,CNAB,8,Desistiu,NÃO CUMPRIU PRAZO,64
23/2/2005,28/4/2005,CONTAS A PAGAR,CNAB,9,Desistiu,MAU ATENDIMENTO,64
23/2/2005,28/4/2005,CONTAS A PAGAR,CNAB,7,Desistiu,NÃO CUMPRIU PRAZO,64
23/2/2005,27/4/2005,COBRANÇA COM REGISTRO,CNAB,9,Desistiu,MUITA BUROCRACIA,63
23/2/2005,6/4/2005,CONTAS A PAGAR,INTERNET,5,Desistiu,MUITA BUROCRACIA,42
23/2/2005,29/4/2005,CONTAS A PAGAR,CNAB,8,Operando,,65
23/2/2005,28/4/2005,CONTAS A PAGAR,CNAB,9,Operando,,64
23/2/2005,26/4/2005,CONTAS A PAGAR,CNAB,10,Operando,,62
23/2/2005,14/3/2005,COBRANÇA COM REGISTRO,CNAB,4,Operando,,19
23/2/2005,11/3/2005,COBRANÇA COM REGISTRO,CNAB,4,Operando,,16
23/2/2005,10/3/2005,CONTAS A PAGAR,CNAB,2,Operando,,15
23/2/2005,10/3/2005,COBRANÇA COM REGISTRO,INTERNET,3,Operando,,15
23/2/2005,8/3/2005,COBRANÇA COM REGISTRO,INTERNET,5,Operando,,13
24/2/2005,12/5/2005,CONTAS A PAGAR,CNAB,10,Desistiu,MUITA BUROCRACIA,77
24/2/2005,10/5/2005,COBRANÇA SEM REGISTRO,CNAB,7,Desistiu,FALTA DE RETORNO,75
24/2/2005,14/3/2005,COBRANÇA SEM REGISTRO,CNAB,2,Desistiu,OFERTA CONCORRENCIA,18
24/2/2005,13/3/2005,COBRANÇA SEM REGISTRO,CNAB,4,Desistiu,OFERTA CONCORRENCIA,17
24/2/2005,18/5/2005,CONTAS A PAGAR,INTERNET,8,Desistiu,NÃO CUMPRIU PRAZO,83
24/2/2005,17/5/2005,CONTAS A PAGAR,INTERNET,11,Desistiu,NÃO CUMPRIU PRAZO,82
24/2/2005,17/5/2005,CONTAS A PAGAR,INTERNET,10,Desistiu,MAU ATENDIMENTO,82
24/2/2005,23/3/2005,COBRANÇA COM REGISTRO,CNAB,5,Operando,,27
24/2/2005,28/3/2005,CONTAS A PAGAR,INTERNET,5,Operando,,32
24/2/2005,6/3/2005,CONTAS A PAGAR,INTERNET,2,Operando,,10
25/2/2005,12/5/2005,COBRANÇA SEM REGISTRO,CNAB,9,Desistiu,FALTA ASSISTENCIA TECNICA,76
25/2/2005,9/5/2005,CONTAS A PAGAR,CNAB,7,Desistiu,NÃO CUMPRIU PRAZO,73
25/2/2005,9/3/2005,COBRANÇA COM REGISTRO,CNAB,3,Desistiu,OFERTA CONCORRENCIA,12
25/2/2005,7/5/2005,COBRANÇA COM REGISTRO,INTERNET,10,Desistiu,NÃO CUMPRIU PRAZO,71
25/2/2005,5/5/2005,CONTAS A PAGAR,INTERNET,9,Desistiu,FALTA ASSISTENCIA TECNICA,69
25/2/2005,17/4/2005,CONTAS A PAGAR,CNAB,7,Operando,,51
25/2/2005,12/3/2005,CONTAS A PAGAR,INTERNET,1,Operando,,15
28/2/2005,5/4/2005,COBRANÇA COM REGISTRO,CNAB,6,Desistiu,MAU ATENDIMENTO,36
28/2/2005,2/4/2005,COBRANÇA COM REGISTRO,CNAB,5,Desistiu,PREÇO DOS SERVIÇOS,33
28/2/2005,7/5/2005,COBRANÇA SEM REGISTRO,INTERNET,7,Desistiu,NÃO CUMPRIU PRAZO,68
28/2/2005,7/5/2005,CONTAS A PAGAR,INTERNET,9,Desistiu,MUITA BUROCRACIA,68
28/2/2005,11/3/2005,CONTAS A PAGAR,CNAB,4,Operando,,11
28/2/2005,10/4/2005,COBRANÇA COM REGISTRO,INTERNET,6,Operando,,41
28/2/2005,31/3/2005,CONTAS A PAGAR,INTERNET,5,Operando,,31
28/2/2005,31/3/2005,CONTAS A PAGAR,INTERNET,5,Operando,,31
1/3/2005,22/5/2005,CONTAS A PAGAR,CNAB,9,Desistiu,NÃO CUMPRIU PRAZO,82
1/3/2005,15/5/2005,COBRANÇA COM REGISTRO,CNAB,7,Desistiu,MAU ATENDIMENTO,75
1/3/2005,9/4/2005,CONTAS A PAGAR,CNAB,5,Desistiu,NÃO CUMPRIU PRAZO,39
1/3/2005,15/3/2005,CONTAS A PAGAR,INTERNET,4,Operando,,14
1/3/2005,14/3/2005,CONTAS A PAGAR,INTERNET,5,Operando,,13
1/3/2005,12/3/2005,CONTAS A PAGAR,INTERNET,2,Operando,,11
1/3/2005,12/3/2005,CONTAS A PAGAR,INTERNET,4,Operando,,11
2/3/2005,15/5/2005,COBRANÇA COM REGISTRO,CNAB,7,Desistiu,NÃO CUMPRIU PRAZO,74
2/3/2005,21/5/2005,COBRANÇA SEM REGISTRO,INTERNET,10,Desistiu,MUITA BUROCRACIA,80
2/3/2005,12/5/2005,COBRANÇA COM REGISTRO,INTERNET,8,Desistiu,FALTA DE RETORNO,71
2/3/2005,24/3/2005,CONTAS A PAGAR,INTERNET,5,Operando,,22
3/3/2005,22/3/2005,CONTAS A PAGAR,CNAB,3,Operando,,19
3/3/2005,11/3/2005,COBRANÇA COM REGISTRO,INTERNET,4,Operando,,8
4/3/2005,18/5/2005,COBRANÇA COM REGISTRO,CNAB,8,Desistiu,NÃO CUMPRIU PRAZO,75
4/3/2005,4/4/2005,COBRANÇA COM REGISTRO,CNAB,5,Operando,,31
4/3/2005,21/3/2005,COBRANÇA COM REGISTRO,CNAB,5,Operando,,17
4/3/2005,4/5/2005,CONTAS A PAGAR,INTERNET,7,Operando,,61
4/3/2005,5/4/2005,CONTAS A PAGAR,INTERNET,6,Operando,,32
4/3/2005,5/4/2005,CONTAS A PAGAR,INTERNET,5,Operando,,32
4/3/2005,30/3/2005,COBRANÇA COM REGISTRO,INTERNET,4,Operando,,26
4/3/2005,28/3/2005,CONTAS A PAGAR,INTERNET,5,Operando,,24
7/3/2005,26/4/2005,CONTAS A PAGAR,INTERNET,6,Desistiu,NÃO CUMPRIU PRAZO,50
7/3/2005,6/5/2005,COBRANÇA COM REGISTRO,CNAB,6,Operando,,60
7/3/2005,8/4/2005,COBRANÇA COM REGISTRO,CNAB,6,Operando,,32
7/3/2005,16/4/2005,CONTAS A PAGAR,INTERNET,6,Operando,,40
7/3/2005,7/4/2005,CONTAS A PAGAR,INTERNET,5,Operando,,31
8/3/2005,26/5/2005,CONTAS A PAGAR,CNAB,9,Desistiu,MUITA BUROCRACIA,79
8/3/2005,20/5/2005,CONTAS A PAGAR,CNAB,13,Desistiu,NÃO CUMPRIU PRAZO,73
8/3/2005,19/5/2005,COBRANÇA COM REGISTRO,CNAB,8,Desistiu,NÃO CUMPRIU PRAZO,72
8/3/2005,10/5/2005,CONTAS A PAGAR,CNAB,7,Desistiu,NÃO CUMPRIU PRAZO,63
8/3/2005,10/5/2005,CONTAS A PAGAR,CNAB,7,Desistiu,NÃO CUMPRIU PRAZO,63
8/3/2005,9/5/2005,CONTAS A PAGAR,CNAB,8,Desistiu,MUITA BUROCRACIA,62
8/3/2005,9/5/2005,CONTAS A PAGAR,CNAB,8,Desistiu,NÃO CUMPRIU PRAZO,62
8/3/2005,9/5/2005,CONTAS A PAGAR,CNAB,8,Desistiu,NÃO CUMPRIU PRAZO,62
8/3/2005,8/5/2005,CONTAS A PAGAR,CNAB,9,Desistiu,NÃO CUMPRIU PRAZO,61
8/3/2005,2/5/2005,CONTAS A PAGAR,INTERNET,7,Desistiu,NÃO CUMPRIU PRAZO,55
8/3/2005,15/4/2005,CONTAS A PAGAR,INTERNET,7,Desistiu,MUITA BUROCRACIA,38
8/3/2005,15/4/2005,CONTAS A PAGAR,INTERNET,6,Desistiu,FALTA ASSISTENCIA TECNICA,38
8/3/2005,14/4/2005,COBRANÇA SEM REGISTRO,INTERNET,7,Desistiu,MUDANÇAS INTERNAS,37
8/3/2005,14/4/2005,COBRANÇA SEM REGISTRO,INTERNET,5,Desistiu,NÃO CUMPRIU PRAZO,37
8/3/2005,13/4/2005,COBRANÇA SEM REGISTRO,INTERNET,6,Desistiu,NÃO CUMPRIU PRAZO,36
8/3/2005,20/5/2005,CONTAS A PAGAR,CNAB,8,Operando,,73
8/3/2005,29/4/2005,CONTAS A PAGAR,CNAB,7,Operando,,52
8/3/2005,19/4/2005,CONTAS A PAGAR,CNAB,4,Operando,,42
8/3/2005,3/4/2005,COBRANÇA COM REGISTRO,CNAB,5,Operando,,26
8/3/2005,31/3/2005,COBRANÇA COM REGISTRO,CNAB,4,Operando,,23
8/3/2005,30/3/2005,COBRANÇA COM REGISTRO,CNAB,3,Operando,,22
8/3/2005,13/4/2005,CONTAS A PAGAR,INTERNET,7,Operando,,36
9/3/2005,15/4/2005,CONTAS A PAGAR,INTERNET,6,Operando,,37
9/3/2005,10/4/2005,CONTAS A PAGAR,INTERNET,6,Operando,,32
9/3/2005,20/3/2005,CONTAS A PAGAR,INTERNET,4,Operando,,11
10/3/2005,10/4/2005,CONTAS A PAGAR,CNAB,5,Desistiu,MUITA BUROCRACIA,31
10/3/2005,15/5/2005,COBRANÇA COM REGISTRO,INTERNET,9,Desistiu,FALTA ASSISTENCIA TECNICA,66
10/3/2005,15/4/2005,CONTAS A PAGAR,INTERNET,7,Desistiu,MUITA BUROCRACIA,36
10/3/2005,10/4/2005,CONTAS A PAGAR,CNAB,6,Operando,,31
10/3/2005,10/4/2005,CONTAS A PAGAR,CNAB,6,Operando,,31
10/3/2005,22/3/2005,COBRANÇA COM REGISTRO,CNAB,2,Operando,,12
10/3/2005,12/4/2005,CONTAS A PAGAR,INTERNET,5,Operando,,33
11/3/2005,24/5/2005,COBRANÇA COM REGISTRO,CNAB,10,Desistiu,FALTA ASSISTENCIA TECNICA,74
11/3/2005,22/5/2005,CONTAS A PAGAR,CNAB,7,Desistiu,MUITA BUROCRACIA,72
11/3/2005,11/5/2005,CONTAS A PAGAR,CNAB,8,Desistiu,NÃO CUMPRIU PRAZO,61
11/3/2005,29/4/2005,COBRANÇA COM REGISTRO,CNAB,7,Desistiu,MUITA BUROCRACIA,49
11/3/2005,4/4/2005,CONTAS A PAGAR,INTERNET,4,Desistiu,FALTA DE RETORNO,24
11/3/2005,29/3/2005,CONTAS A PAGAR,INTERNET,4,Operando,,18
14/3/2005,11/5/2005,CONTAS A PAGAR,CNAB,7,Desistiu,FALTA ASSISTENCIA TECNICA,58
14/3/2005,21/4/2005,CONTAS A PAGAR,INTERNET,6,Operando,,38
14/3/2005,18/4/2005,CONTAS A PAGAR,INTERNET,5,Operando,,35
14/3/2005,11/4/2005,COBRANÇA COM REGISTRO,INTERNET,7,Operando,,28
14/3/2005,29/3/2005,CONTAS A PAGAR,INTERNET,3,Operando,,15
15/3/2005,26/5/2005,CONTAS A PAGAR,CNAB,10,Desistiu,NÃO CUMPRIU PRAZO,72
15/3/2005,26/5/2005,CONTAS A PAGAR,CNAB,10,Desistiu,NÃO CUMPRIU PRAZO,72
15/3/2005,23/5/2005,CONTAS A PAGAR,CNAB,9,Desistiu,NÃO CUMPRIU PRAZO,69
15/3/2005,12/5/2005,CONTAS A PAGAR,CNAB,8,Operando,,58
15/3/2005,20/4/2005,COBRANÇA SEM REGISTRO,CNAB,6,Operando,,36
15/3/2005,21/4/2005,CONTAS A PAGAR,INTERNET,6,Operando,,37
15/3/2005,19/4/2005,CONTAS A PAGAR,INTERNET,6,Operando,,35
15/3/2005,18/4/2005,CONTAS A PAGAR,INTERNET,5,Operando,,34
15/3/2005,29/3/2005,COBRANÇA COM REGISTRO,INTERNET,5,Operando,,14
16/3/2005,25/5/2005,CONTAS A PAGAR,CNAB,14,Desistiu,NÃO CUMPRIU PRAZO,70
16/3/2005,14/4/2005,CONTAS A PAGAR,CNAB,5,Desistiu,MUDANÇAS INTERNAS,29
16/3/2005,23/5/2005,COBRANÇA COM REGISTRO,INTERNET,12,Desistiu,NÃO CUMPRIU PRAZO,68
16/3/2005,20/5/2005,COBRANÇA COM REGISTRO,INTERNET,7,Desistiu,NÃO CUMPRIU PRAZO,65
16/3/2005,18/4/2005,CONTAS A PAGAR,INTERNET,4,Desistiu,FALTA ASSISTENCIA TECNICA,33
16/3/2005,13/4/2005,COBRANÇA COM REGISTRO,CNAB,4,Operando,,28
16/3/2005,13/4/2005,COBRANÇA COM REGISTRO,CNAB,8,Operando,,28
16/3/2005,17/5/2005,CONTAS A PAGAR,INTERNET,8,Operando,,62
16/3/2005,4/5/2005,CONTAS A PAGAR,INTERNET,8,Operando,,49
16/3/2005,14/4/2005,COBRANÇA SEM REGISTRO,INTERNET,5,Operando,,29
16/3/2005,14/4/2005,CONTAS A PAGAR,INTERNET,8,Operando,,29
16/3/2005,6/4/2005,COBRANÇA COM REGISTRO,INTERNET,4,Operando,,21
17/3/2005,15/5/2005,CONTAS A PAGAR,CNAB,7,Desistiu,NÃO CUMPRIU PRAZO,59
17/3/2005,14/5/2005,CONTAS A PAGAR,CNAB,9,Desistiu,NÃO CUMPRIU PRAZO,58
17/3/2005,3/5/2005,CONTAS A PAGAR,CNAB,7,Desistiu,MUITA BUROCRACIA,47
17/3/2005,30/4/2005,CONTAS A PAGAR,INTERNET,7,Desistiu,NÃO CUMPRIU PRAZO,44
17/3/2005,10/4/2005,COBRANÇA COM REGISTRO,INTERNET,5,Desistiu,OFERTA CONCORRENCIA,24
17/3/2005,14/5/2005,CONTAS A PAGAR,INTERNET,7,Operando,,58
17/3/2005,21/4/2005,COBRANÇA COM REGISTRO,INTERNET,5,Operando,,35
17/3/2005,20/4/2005,CONTAS A PAGAR,INTERNET,5,Operando,,34
17/3/2005,12/4/2005,CONTAS A PAGAR,INTERNET,4,Operando,,26
17/3/2005,12/4/2005,CONTAS A PAGAR,INTERNET,5,Operando,,26
17/3/2005,11/4/2005,CONTAS A PAGAR,INTERNET,5,Operando,,25
17/3/2005,30/3/2005,COBRANÇA SEM REGISTRO,INTERNET,5,Operando,,13
18/3/2005,1/5/2005,CONTAS A PAGAR,INTERNET,6,Operando,,44
18/3/2005,29/4/2005,CONTAS A PAGAR,INTERNET,5,Operando,,42
18/3/2005,29/4/2005,CONTAS A PAGAR,INTERNET,5,Operando,,42
18/3/2005,23/4/2005,CONTAS A PAGAR,INTERNET,6,Operando,,36
18/3/2005,18/4/2005,COBRANÇA COM REGISTRO,INTERNET,5,Operando,,31
18/3/2005,18/4/2005,COBRANÇA COM REGISTRO,INTERNET,5,Operando,,31
21/3/2005,30/5/2005,CONTAS A PAGAR,CNAB,8,Desistiu,FALTA DE RETORNO,70
21/3/2005,18/5/2005,CONTAS A PAGAR,CNAB,7,Desistiu,NÃO CUMPRIU PRAZO,58
21/3/2005,16/5/2005,COBRANÇA COM REGISTRO,CNAB,8,Desistiu,NÃO CUMPRIU PRAZO,56
21/3/2005,1/5/2005,CONTAS A PAGAR,INTERNET,7,Operando,,41
21/3/2005,17/4/2005,CONTAS A PAGAR,INTERNET,6,Operando,,27
21/3/2005,17/4/2005,CONTAS A PAGAR,INTERNET,6,Operando,,27
22/3/2005,31/5/2005,CONTAS A PAGAR,CNAB,7,Desistiu,MUITA BUROCRACIA,70
22/3/2005,30/5/2005,COBRANÇA COM REGISTRO,CNAB,7,Desistiu,NÃO CUMPRIU PRAZO,69
22/3/2005,19/5/2005,CONTAS A PAGAR,CNAB,9,Desistiu,FALTA ASSISTENCIA TECNICA,58
22/3/2005,5/4/2005,COBRANÇA SEM REGISTRO,CNAB,3,Operando,,14
22/3/2005,20/4/2005,CONTAS A PAGAR,INTERNET,6,Operando,,29
22/3/2005,15/4/2005,CONTAS A PAGAR,INTERNET,4,Operando,,24
22/3/2005,13/4/2005,COBRANÇA COM REGISTRO,INTERNET,5,Operando,,22
23/3/2005,28/4/2005,COBRANÇA COM REGISTRO,INTERNET,6,Operando,,36
23/3/2005,28/4/2005,CONTAS A PAGAR,INTERNET,6,Operando,,36
23/3/2005,16/4/2005,CONTAS A PAGAR,INTERNET,4,Operando,,24
23/3/2005,13/4/2005,CONTAS A PAGAR,INTERNET,5,Operando,,21
24/3/2005,1/6/2005,CONTAS A PAGAR,CNAB,8,Desistiu,MUITA BUROCRACIA,69
24/3/2005,1/6/2005,CONTAS A PAGAR,CNAB,6,Operando,,69
24/3/2005,7/5/2005,CONTAS A PAGAR,CNAB,5,Operando,,44
24/3/2005,27/4/2005,CONTAS A PAGAR,INTERNET,5,Operando,,34
24/3/2005,22/4/2005,CONTAS A PAGAR,INTERNET,4,Operando,,29
24/3/2005,8/4/2005,COBRANÇA COM REGISTRO,INTERNET,5,Operando,,15
28/3/2005,15/5/2005,CONTAS A PAGAR,CNAB,7,Desistiu,MUITA BUROCRACIA,48
28/3/2005,12/6/2005,CONTAS A PAGAR,INTERNET,10,Desistiu,NÃO CUMPRIU PRAZO,76
28/3/2005,10/6/2005,COBRANÇA COM REGISTRO,INTERNET,8,Desistiu,FALTA ASSISTENCIA TECNICA,74
28/3/2005,19/5/2005,CONTAS A PAGAR,INTERNET,5,Operando,,52
28/3/2005,5/5/2005,CONTAS A PAGAR,INTERNET,9,Operando,,38
28/3/2005,2/5/2005,CONTAS A PAGAR,INTERNET,5,Operando,,35
28/3/2005,2/5/2005,CONTAS A PAGAR,INTERNET,3,Operando,,35
28/3/2005,29/4/2005,CONTAS A PAGAR,INTERNET,7,Operando,,32
28/3/2005,28/4/2005,CONTAS A PAGAR,INTERNET,6,Operando,,31
28/3/2005,27/4/2005,CONTAS A PAGAR,INTERNET,6,Operando,,30
29/3/2005,24/5/2005,CONTAS A PAGAR,CNAB,6,Operando,,56
29/3/2005,23/5/2005,COBRANÇA COM REGISTRO,CNAB,7,Operando,,55
29/3/2005,25/4/2005,CONTAS A PAGAR,CNAB,5,Operando,,27
29/3/2005,6/5/2005,CONTAS A PAGAR,INTERNET,4,Operando,,38
29/3/2005,3/5/2005,COBRANÇA SEM REGISTRO,INTERNET,5,Operando,,35
29/3/2005,24/4/2005,COBRANÇA COM REGISTRO,INTERNET,6,Operando,,26
30/3/2005,5/6/2005,CONTAS A PAGAR,CNAB,9,Operando,,67
30/3/2005,26/5/2005,CONTAS A PAGAR,CNAB,8,Operando,,57
30/3/2005,26/5/2005,COBRANÇA COM REGISTRO,CNAB,6,Operando,,57
30/3/2005,21/5/2005,COBRANÇA COM REGISTRO,CNAB,8,Operando,,52
30/3/2005,15/4/2005,CONTAS A PAGAR,CNAB,4,Operando,,16
30/3/2005,25/4/2005,CONTAS A PAGAR,INTERNET,6,Operando,,26
31/3/2005,6/6/2005,CONTAS A PAGAR,CNAB,8,Desistiu,NÃO CUMPRIU PRAZO,67
31/3/2005,17/5/2005,COBRANÇA COM REGISTRO,CNAB,7,Desistiu,MUITA BUROCRACIA,47
31/3/2005,22/5/2005,CONTAS A PAGAR,INTERNET,6,Desistiu,MUITA BUROCRACIA,52
31/3/2005,28/5/2005,COBRANÇA COM REGISTRO,CNAB,9,Operando,,58
31/3/2005,27/4/2005,COBRANÇA COM REGISTRO,CNAB,5,Operando,,27
31/3/2005,1/6/2005,COBRANÇA COM REGISTRO,INTERNET,10,Operando,,62
31/3/2005,8/5/2005,CONTAS A PAGAR,INTERNET,6,Operando,,38
1/4/2005,19/5/2005,COBRANÇA COM REGISTRO,CNAB,6,Desistiu,NÃO CUMPRIU PRAZO,48
1/4/2005,19/5/2005,COBRANÇA COM REGISTRO,CNAB,8,Desistiu,NÃO CUMPRIU PRAZO,48
1/4/2005,10/5/2005,COBRANÇA COM REGISTRO,CNAB,6,Desistiu,MUDANÇAS INTERNAS,39
1/4/2005,24/5/2005,CONTAS A PAGAR,INTERNET,9,Desistiu,NÃO CUMPRIU PRAZO,53
1/4/2005,17/5/2005,COBRANÇA COM REGISTRO,CNAB,6,Operando,,46
1/4/2005,1/5/2005,CONTAS A PAGAR,INTERNET,5,Operando,,30
4/4/2005,11/6/2005,CONTAS A PAGAR,CNAB,7,Desistiu,MAU ATENDIMENTO,68
4/4/2005,9/6/2005,CONTAS A PAGAR,CNAB,10,Desistiu,NÃO CUMPRIU PRAZO,66
4/4/2005,29/5/2005,COBRANÇA COM REGISTRO,CNAB,10,Desistiu,NÃO CUMPRIU PRAZO,55
4/4/2005,11/5/2005,COBRANÇA COM REGISTRO,INTERNET,7,Desistiu,OUTROS,37
4/4/2005,3/5/2005,CONTAS A PAGAR,INTERNET,5,Operando,,29
4/4/2005,15/4/2005,COBRANÇA COM REGISTRO,INTERNET,5,Operando,,11
5/4/2005,5/6/2005,CONTAS A PAGAR,INTERNET,8,Operando,,61
5/4/2005,8/5/2005,CONTAS A PAGAR,INTERNET,5,Operando,,33
5/4/2005,24/4/2005,CONTAS A PAGAR,INTERNET,2,Operando,,19
6/4/2005,19/5/2005,CONTAS A PAGAR,INTERNET,8,Desistiu,NÃO CUMPRIU PRAZO,43
6/4/2005,30/5/2005,CONTAS A PAGAR,CNAB,8,Operando,,54
6/4/2005,23/5/2005,COBRANÇA COM REGISTRO,CNAB,6,Operando,,47
6/4/2005,8/5/2005,COBRANÇA COM REGISTRO,INTERNET,4,Operando,,32
6/4/2005,2/5/2005,CONTAS A PAGAR,INTERNET,3,Operando,,26
6/4/2005,19/4/2005,COBRANÇA COM REGISTRO,INTERNET,2,Operando,,13
7/4/2005,13/6/2005,COBRANÇA COM REGISTRO,CNAB,9,Desistiu,NÃO CUMPRIU PRAZO,67
7/4/2005,11/6/2005,CONTAS A PAGAR,CNAB,7,Desistiu,MUITA BUROCRACIA,65
7/4/2005,25/4/2005,COBRANÇA SEM REGISTRO,INTERNET,4,Desistiu,MUDANÇAS INTERNAS,18
7/4/2005,1/5/2005,CONTAS A PAGAR,INTERNET,5,Operando,,24
8/4/2005,24/5/2005,CONTAS A PAGAR,CNAB,6,Desistiu,MUITA BUROCRACIA,46
8/4/2005,24/4/2005,COBRANÇA COM REGISTRO,INTERNET,6,Operando,,16
11/4/2005,2/6/2005,CONTAS A PAGAR,INTERNET,6,Desistiu,NÃO CUMPRIU PRAZO,52
12/4/2005,17/6/2005,COBRANÇA COM REGISTRO,CNAB,8,Desistiu,FALTA DE RETORNO,66
12/4/2005,17/6/2005,CONTAS A PAGAR,CNAB,10,Desistiu,MUITA BUROCRACIA,66
12/4/2005,3/6/2005,COBRANÇA COM REGISTRO,CNAB,7,Operando,,52
12/4/2005,3/6/2005,COBRANÇA COM REGISTRO,CNAB,7,Operando,,52
13/4/2005,16/6/2005,CONTAS A PAGAR,CNAB,9,Desistiu,NÃO CUMPRIU PRAZO,64
13/4/2005,16/6/2005,CONTAS A PAGAR,CNAB,5,Desistiu,NÃO CUMPRIU PRAZO,64
13/4/2005,5/6/2005,COBRANÇA SEM REGISTRO,CNAB,7,Desistiu,NÃO CUMPRIU PRAZO,53
13/4/2005,3/6/2005,COBRANÇA COM REGISTRO,CNAB,7,Desistiu,NÃO CUMPRIU PRAZO,51
13/4/2005,21/6/2005,CONTAS A PAGAR,INTERNET,9,Desistiu,NÃO CUMPRIU PRAZO,69
13/4/2005,12/6/2005,CONTAS A PAGAR,INTERNET,10,Desistiu,MAU ATENDIMENTO,60
13/4/2005,4/6/2005,COBRANÇA COM REGISTRO,CNAB,7,Operando,,52
13/4/2005,25/5/2005,COBRANÇA SEM REGISTRO,INTERNET,6,Operando,,42
13/4/2005,10/5/2005,COBRANÇA COM REGISTRO,INTERNET,6,Operando,,27
13/4/2005,1/5/2005,COBRANÇA COM REGISTRO,INTERNET,4,Operando,,18
13/4/2005,1/5/2005,COBRANÇA SEM REGISTRO,INTERNET,2,Operando,,18
14/4/2005,5/6/2005,COBRANÇA COM REGISTRO,CNAB,5,Operando,,52
14/4/2005,10/5/2005,COBRANÇA COM REGISTRO,INTERNET,6,Operando,,26
15/4/2005,5/6/2005,COBRANÇA COM REGISTRO,CNAB,7,Desistiu,MUITA BUROCRACIA,51
15/4/2005,2/6/2005,COBRANÇA COM REGISTRO,CNAB,7,Operando,,48
15/4/2005,4/5/2005,COBRANÇA COM REGISTRO,INTERNET,7,Operando,,19
18/4/2005,7/6/2005,CONTAS A PAGAR,CNAB,5,Desistiu,MUITA BUROCRACIA,50
18/4/2005,16/6/2005,COBRANÇA COM REGISTRO,INTERNET,7,Operando,,59
18/4/2005,15/6/2005,COBRANÇA COM REGISTRO,INTERNET,6,Operando,,58
18/4/2005,24/5/2005,CONTAS A PAGAR,INTERNET,4,Operando,,36
18/4/2005,13/5/2005,CONTAS A PAGAR,INTERNET,6,Operando,,25
18/4/2005,11/5/2005,COBRANÇA COM REGISTRO,INTERNET,6,Operando,,23
18/4/2005,9/5/2005,CONTAS A PAGAR,INTERNET,4,Operando,,21
19/4/2005,9/6/2005,COBRANÇA COM REGISTRO,CNAB,7,Desistiu,NÃO CUMPRIU PRAZO,51
19/4/2005,26/5/2005,COBRANÇA COM REGISTRO,CNAB,6,Desistiu,FALTA ASSISTENCIA TECNICA,37
19/4/2005,28/5/2005,CONTAS A PAGAR,INTERNET,6,Desistiu,MUITA BUROCRACIA,39
19/4/2005,7/6/2005,COBRANÇA COM REGISTRO,CNAB,9,Operando,,49
19/4/2005,2/6/2005,CONTAS A PAGAR,INTERNET,5,Operando,,44
19/4/2005,23/5/2005,COBRANÇA COM REGISTRO,INTERNET,6,Operando,,34
19/4/2005,17/5/2005,CONTAS A PAGAR,INTERNET,4,Operando,,28
19/4/2005,15/5/2005,CONTAS A PAGAR,INTERNET,5,Operando,,26
20/4/2005,21/6/2005,COBRANÇA COM REGISTRO,CNAB,8,Desistiu,MUITA BUROCRACIA,62
20/4/2005,10/6/2005,COBRANÇA COM REGISTRO,CNAB,6,Desistiu,NÃO CUMPRIU PRAZO,51
20/4/2005,8/5/2005,COBRANÇA COM REGISTRO,CNAB,3,Desistiu,OFERTA CONCORRENCIA,18
20/4/2005,28/6/2005,COBRANÇA SEM REGISTRO,INTERNET,11,Operando,,69
20/4/2005,16/6/2005,CONTAS A PAGAR,INTERNET,6,Operando,,57
20/4/2005,19/5/2005,CONTAS A PAGAR,INTERNET,6,Operando,,29
20/4/2005,14/5/2005,COBRANÇA SEM REGISTRO,INTERNET,5,Operando,,24
20/4/2005,6/5/2005,COBRANÇA COM REGISTRO,INTERNET,5,Operando,,16
20/4/2005,29/4/2005,CONTAS A PAGAR,INTERNET,5,Operando,,9
20/4/2005,28/4/2005,COBRANÇA COM REGISTRO,INTERNET,4,Operando,,8
22/4/2005,23/6/2005,COBRANÇA COM REGISTRO,CNAB,9,Desistiu,FALTA ASSISTENCIA TECNICA,62
22/4/2005,13/6/2005,COBRANÇA COM REGISTRO,CNAB,6,Desistiu,NÃO CUMPRIU PRAZO,52
22/4/2005,18/5/2005,CONTAS A PAGAR,INTERNET,4,Desistiu,OFERTA CONCORRENCIA,26
22/4/2005,19/6/2005,CONTAS A PAGAR,INTERNET,8,Operando,,58
22/4/2005,1/6/2005,CONTAS A PAGAR,INTERNET,6,Operando,,40
22/4/2005,20/5/2005,COBRANÇA COM REGISTRO,INTERNET,7,Operando,,28
22/4/2005,12/5/2005,CONTAS A PAGAR,INTERNET,5,Operando,,20
22/4/2005,10/5/2005,COBRANÇA COM REGISTRO,INTERNET,4,Operando,,18
25/4/2005,27/6/2005,CONTAS A PAGAR,CNAB,7,Desistiu,FALTA DE RETORNO,63
25/4/2005,26/6/2005,COBRANÇA COM REGISTRO,CNAB,9,Desistiu,MAU ATENDIMENTO,62
25/4/2005,24/6/2005,CONTAS A PAGAR,CNAB,8,Desistiu,NÃO CUMPRIU PRAZO,60
25/4/2005,15/6/2005,COBRANÇA COM REGISTRO,CNAB,7,Desistiu,NÃO CUMPRIU PRAZO,51
25/4/2005,13/7/2005,CONTAS A PAGAR,INTERNET,11,Desistiu,NÃO CUMPRIU PRAZO,79
25/4/2005,20/6/2005,CONTAS A PAGAR,INTERNET,9,Desistiu,FALTA DE RETORNO,56
25/4/2005,20/6/2005,CONTAS A PAGAR,INTERNET,7,Desistiu,FALTA ASSISTENCIA TECNICA,56
25/4/2005,10/6/2005,CONTAS A PAGAR,INTERNET,8,Desistiu,FALTA ASSISTENCIA TECNICA,46
25/4/2005,13/6/2005,COBRANÇA SEM REGISTRO,CNAB,7,Operando,,49
25/4/2005,9/6/2005,CONTAS A PAGAR,CNAB,8,Operando,,45
25/4/2005,18/5/2005,COBRANÇA COM REGISTRO,CNAB,7,Operando,,23
25/4/2005,20/6/2005,CONTAS A PAGAR,INTERNET,7,Operando,,56
25/4/2005,8/6/2005,CONTAS A PAGAR,INTERNET,7,Operando,,44
25/4/2005,4/6/2005,CONTAS A PAGAR,INTERNET,5,Operando,,40
25/4/2005,29/5/2005,CONTAS A PAGAR,INTERNET,9,Operando,,34
25/4/2005,22/5/2005,CONTAS A PAGAR,INTERNET,5,Operando,,27
26/4/2005,27/6/2005,CONTAS A PAGAR,CNAB,8,Desistiu,MUITA BUROCRACIA,62
26/4/2005,26/6/2005,CONTAS A PAGAR,CNAB,7,Desistiu,MUITA BUROCRACIA,61
26/4/2005,25/6/2005,COBRANÇA COM REGISTRO,CNAB,7,Desistiu,MUITA BUROCRACIA,60
26/4/2005,21/6/2005,CONTAS A PAGAR,INTERNET,8,Desistiu,MUITA BUROCRACIA,56
26/4/2005,19/6/2005,COBRANÇA COM REGISTRO,INTERNET,9,Desistiu,FALTA ASSISTENCIA TECNICA,54
26/4/2005,12/6/2005,COBRANÇA COM REGISTRO,CNAB,7,Operando,,47
26/4/2005,14/5/2005,CONTAS A PAGAR,INTERNET,6,Operando,,18
27/4/2005,6/6/2005,COBRANÇA COM REGISTRO,CNAB,6,Desistiu,MUITA BUROCRACIA,40
27/4/2005,23/6/2005,CONTAS A PAGAR,INTERNET,8,Desistiu,NÃO CUMPRIU PRAZO,57
27/4/2005,23/6/2005,COBRANÇA SEM REGISTRO,INTERNET,8,Desistiu,MUITA BUROCRACIA,57
27/4/2005,13/6/2005,COBRANÇA COM REGISTRO,INTERNET,5,Desistiu,NÃO CUMPRIU PRAZO,47
27/4/2005,13/6/2005,COBRANÇA COM REGISTRO,CNAB,4,Operando,,47
27/4/2005,13/6/2005,CONTAS A PAGAR,CNAB,6,Operando,,47
27/4/2005,5/6/2005,COBRANÇA COM REGISTRO,CNAB,5,Operando,,39
27/4/2005,13/5/2005,COBRANÇA COM REGISTRO,CNAB,5,Operando,,16
27/4/2005,8/6/2005,CONTAS A PAGAR,INTERNET,4,Operando,,42
27/4/2005,23/5/2005,CONTAS A PAGAR,INTERNET,6,Operando,,26
28/4/2005,19/6/2005,CONTAS A PAGAR,CNAB,7,Desistiu,FALTA ASSISTENCIA TECNICA,52
28/4/2005,16/6/2005,COBRANÇA COM REGISTRO,CNAB,6,Desistiu,MUDANÇAS INTERNAS,49
28/4/2005,17/6/2005,CONTAS A PAGAR,CNAB,6,Operando,,50
28/4/2005,15/6/2005,COBRANÇA COM REGISTRO,CNAB,6,Operando,,48
2/5/2005,14/7/2005,CONTAS A PAGAR,CNAB,9,Desistiu,MUITA BUROCRACIA,73
2/5/2005,24/6/2005,CONTAS A PAGAR,CNAB,6,Desistiu,NÃO CUMPRIU PRAZO,53
2/5/2005,17/6/2005,CONTAS A PAGAR,INTERNET,6,Desistiu,MUITA BUROCRACIA,46
2/5/2005,12/6/2005,CONTAS A PAGAR,INTERNET,5,Desistiu,MUDANÇAS INTERNAS,41
2/5/2005,13/7/2005,CONTAS A PAGAR,CNAB,8,Operando,,72
3/5/2005,19/6/2005,COBRANÇA COM REGISTRO,CNAB,10,Desistiu,NÃO CUMPRIU PRAZO,47
3/5/2005,17/6/2005,COBRANÇA COM REGISTRO,CNAB,7,Desistiu,NÃO CUMPRIU PRAZO,45
3/5/2005,12/6/2005,COBRANÇA COM REGISTRO,CNAB,5,Desistiu,NÃO CUMPRIU PRAZO,40
3/5/2005,18/6/2005,COBRANÇA COM REGISTRO,INTERNET,7,Desistiu,NÃO CUMPRIU PRAZO,46
3/5/2005,12/6/2005,COBRANÇA COM REGISTRO,INTERNET,7,Desistiu,NÃO CUMPRIU PRAZO,40
3/5/2005,16/6/2005,COBRANÇA SEM REGISTRO,CNAB,7,Operando,,44
3/5/2005,27/5/2005,CONTAS A PAGAR,INTERNET,5,Operando,,24
3/5/2005,20/5/2005,CONTAS A PAGAR,INTERNET,4,Operando,,17
4/5/2005,1/6/2005,COBRANÇA SEM REGISTRO,CNAB,3,Desistiu,PREÇO DOS SERVIÇOS,28
4/5/2005,27/6/2005,COBRANÇA COM REGISTRO,INTERNET,10,Desistiu,MAU ATENDIMENTO,54
4/5/2005,26/6/2005,CONTAS A PAGAR,INTERNET,7,Desistiu,NÃO CUMPRIU PRAZO,53
4/5/2005,10/6/2005,CONTAS A PAGAR,INTERNET,3,Desistiu,MUITA BUROCRACIA,37
4/5/2005,24/6/2005,CONTAS A PAGAR,INTERNET,7,Operando,,51
4/5/2005,16/6/2005,CONTAS A PAGAR,INTERNET,4,Operando,,43
4/5/2005,4/6/2005,CONTAS A PAGAR,INTERNET,5,Operando,,31
4/5/2005,29/5/2005,CONTAS A PAGAR,INTERNET,6,Operando,,25
4/5/2005,28/5/2005,COBRANÇA COM REGISTRO,INTERNET,4,Operando,,24
5/5/2005,18/6/2005,COBRANÇA COM REGISTRO,CNAB,6,Desistiu,MUITA BUROCRACIA,44
5/5/2005,14/6/2005,COBRANÇA COM REGISTRO,CNAB,5,Desistiu,NÃO CUMPRIU PRAZO,40
5/5/2005,28/6/2005,COBRANÇA COM REGISTRO,INTERNET,7,Desistiu,MUITA BUROCRACIA,54
5/5/2005,26/6/2005,COBRANÇA COM REGISTRO,INTERNET,8,Desistiu,MUDANÇAS INTERNAS,52
5/5/2005,12/6/2005,CONTAS A PAGAR,INTERNET,8,Desistiu,OUTROS,38
5/5/2005,12/6/2005,CONTAS A PAGAR,CNAB,4,Operando,,38
5/5/2005,28/5/2005,COBRANÇA COM REGISTRO,CNAB,3,Operando,,23
5/5/2005,15/5/2005,COBRANÇA COM REGISTRO,CNAB,4,Operando,,10
5/5/2005,27/6/2005,COBRANÇA COM REGISTRO,INTERNET,7,Operando,,53
5/5/2005,14/6/2005,COBRANÇA COM REGISTRO,INTERNET,6,Operando,,40
5/5/2005,10/6/2005,CONTAS A PAGAR,INTERNET,5,Operando,,36
5/5/2005,4/6/2005,COBRANÇA COM REGISTRO,INTERNET,4,Operando,,30
5/5/2005,30/5/2005,CONTAS A PAGAR,INTERNET,5,Operando,,25
5/5/2005,29/5/2005,CONTAS A PAGAR,INTERNET,5,Operando,,24
5/5/2005,29/5/2005,CONTAS A PAGAR,INTERNET,2,Operando,,24
5/5/2005,25/5/2005,COBRANÇA COM REGISTRO,INTERNET,7,Operando,,20
5/5/2005,25/5/2005,COBRANÇA COM REGISTRO,INTERNET,4,Operando,,20
5/5/2005,24/5/2005,COBRANÇA SEM REGISTRO,INTERNET,5,Operando,,19
5/5/2005,18/5/2005,COBRANÇA SEM REGISTRO,INTERNET,4,Operando,,13
6/5/2005,17/7/2005,CONTAS A PAGAR,CNAB,7,Desistiu,NÃO CUMPRIU PRAZO,72
6/5/2005,5/7/2005,CONTAS A PAGAR,CNAB,6,Desistiu,NÃO CUMPRIU PRAZO,60
6/5/2005,20/6/2005,CONTAS A PAGAR,CNAB,7,Desistiu,NÃO CUMPRIU PRAZO,45
6/5/2005,29/6/2005,CONTAS A PAGAR,INTERNET,7,Desistiu,NÃO CUMPRIU PRAZO,54
6/5/2005,19/5/2005,COBRANÇA COM REGISTRO,CNAB,3,Operando,,13
6/5/2005,19/5/2005,COBRANÇA COM REGISTRO,CNAB,4,Operando,,13
6/5/2005,18/5/2005,COBRANÇA COM REGISTRO,CNAB,3,Operando,,12
9/5/2005,13/7/2005,CONTAS A PAGAR,CNAB,9,Desistiu,NÃO CUMPRIU PRAZO,65
9/5/2005,22/6/2005,COBRANÇA COM REGISTRO,CNAB,5,Desistiu,NÃO CUMPRIU PRAZO,44
9/5/2005,29/5/2005,CONTAS A PAGAR,CNAB,5,Desistiu,FALTA DE RETORNO,20
9/5/2005,30/6/2005,COBRANÇA COM REGISTRO,INTERNET,14,Desistiu,NÃO CUMPRIU PRAZO,52
9/5/2005,8/6/2005,CONTAS A PAGAR,INTERNET,4,Desistiu,PREÇO DOS SERVIÇOS,30
9/5/2005,3/6/2005,CONTAS A PAGAR,INTERNET,5,Desistiu,OFERTA CONCORRENCIA,25
9/5/2005,22/6/2005,CONTAS A PAGAR,CNAB,6,Operando,,44
9/5/2005,26/5/2005,COBRANÇA COM REGISTRO,CNAB,4,Operando,,17
9/5/2005,22/5/2005,COBRANÇA COM REGISTRO,CNAB,3,Operando,,13
9/5/2005,29/6/2005,COBRANÇA COM REGISTRO,INTERNET,7,Operando,,51
9/5/2005,14/6/2005,CONTAS A PAGAR,INTERNET,7,Operando,,36
9/5/2005,2/6/2005,CONTAS A PAGAR,INTERNET,4,Operando,,24
9/5/2005,31/5/2005,CONTAS A PAGAR,INTERNET,3,Operando,,22
9/5/2005,28/5/2005,CONTAS A PAGAR,INTERNET,4,Operando,,19
10/5/2005,18/7/2005,CONTAS A PAGAR,CNAB,7,Desistiu,NÃO CUMPRIU PRAZO,69
10/5/2005,17/6/2005,COBRANÇA COM REGISTRO,CNAB,6,Desistiu,NÃO CUMPRIU PRAZO,38
10/5/2005,2/7/2005,COBRANÇA COM REGISTRO,INTERNET,7,Desistiu,NÃO CUMPRIU PRAZO,53
10/5/2005,4/6/2005,CONTAS A PAGAR,CNAB,6,Operando,,25
10/5/2005,27/5/2005,COBRANÇA COM REGISTRO,CNAB,4,Operando,,17
10/5/2005,19/6/2005,CONTAS A PAGAR,INTERNET,7,Operando,,40
10/5/2005,2/6/2005,CONTAS A PAGAR,INTERNET,5,Operando,,23
11/5/2005,24/6/2005,CONTAS A PAGAR,CNAB,6,Desistiu,FALTA DE RETORNO,44
11/5/2005,3/7/2005,CONTAS A PAGAR,INTERNET,7,Desistiu,MUITA BUROCRACIA,53
11/5/2005,24/6/2005,CONTAS A PAGAR,INTERNET,6,Desistiu,MUITA BUROCRACIA,44
11/5/2005,16/6/2005,CONTAS A PAGAR,INTERNET,7,Desistiu,NÃO CUMPRIU PRAZO,36
11/5/2005,12/6/2005,CONTAS A PAGAR,INTERNET,6,Desistiu,MUITA BUROCRACIA,32
11/5/2005,4/7/2005,CONTAS A PAGAR,INTERNET,7,Operando,,54
11/5/2005,4/7/2005,CONTAS A PAGAR,INTERNET,8,Operando,,54
11/5/2005,2/7/2005,CONTAS A PAGAR,INTERNET,5,Operando,,52
11/5/2005,1/7/2005,CONTAS A PAGAR,INTERNET,9,Operando,,51
11/5/2005,1/7/2005,CONTAS A PAGAR,INTERNET,7,Operando,,51
11/5/2005,19/6/2005,CONTAS A PAGAR,INTERNET,6,Operando,,39
11/5/2005,15/6/2005,CONTAS A PAGAR,INTERNET,4,Operando,,35
11/5/2005,24/5/2005,CONTAS A PAGAR,INTERNET,6,Operando,,13
12/5/2005,4/6/2005,COBRANÇA SEM REGISTRO,INTERNET,3,Desistiu,OFERTA CONCORRENCIA,23
12/5/2005,9/6/2005,COBRANÇA COM REGISTRO,CNAB,8,Operando,,28
12/5/2005,28/5/2005,COBRANÇA COM REGISTRO,CNAB,3,Operando,,16
12/5/2005,2/7/2005,COBRANÇA COM REGISTRO,INTERNET,5,Operando,,51
12/5/2005,27/5/2005,COBRANÇA COM REGISTRO,INTERNET,2,Operando,,15
13/5/2005,29/6/2005,COBRANÇA COM REGISTRO,CNAB,6,Desistiu,NÃO CUMPRIU PRAZO,47
13/5/2005,29/6/2005,CONTAS A PAGAR,CNAB,6,Desistiu,NÃO CUMPRIU PRAZO,47
13/5/2005,25/6/2005,CONTAS A PAGAR,CNAB,4,Desistiu,OUTROS,43
13/5/2005,3/7/2005,CONTAS A PAGAR,INTERNET,8,Desistiu,NÃO CUMPRIU PRAZO,51
13/5/2005,18/6/2005,CONTAS A PAGAR,INTERNET,6,Desistiu,NÃO CUMPRIU PRAZO,36
13/5/2005,16/6/2005,CONTAS A PAGAR,INTERNET,5,Desistiu,NÃO CUMPRIU PRAZO,34
13/5/2005,15/6/2005,CONTAS A PAGAR,INTERNET,5,Desistiu,NÃO CUMPRIU PRAZO,33
13/5/2005,27/6/2005,CONTAS A PAGAR,CNAB,6,Operando,,45
13/5/2005,28/5/2005,COBRANÇA COM REGISTRO,CNAB,3,Operando,,15
13/5/2005,24/5/2005,CONTAS A PAGAR,CNAB,1,Operando,,11
13/5/2005,5/6/2005,CONTAS A PAGAR,INTERNET,4,Operando,,23
16/5/2005,29/6/2005,COBRANÇA SEM REGISTRO,CNAB,7,Desistiu,NÃO CUMPRIU PRAZO,44
16/5/2005,29/6/2005,COBRANÇA COM REGISTRO,CNAB,6,Desistiu,MUITA BUROCRACIA,44
16/5/2005,30/6/2005,CONTAS A PAGAR,CNAB,7,Operando,,45
16/5/2005,29/6/2005,CONTAS A PAGAR,CNAB,5,Operando,,44
16/5/2005,15/6/2005,CONTAS A PAGAR,CNAB,8,Operando,,30
16/5/2005,8/7/2005,COBRANÇA COM REGISTRO,INTERNET,7,Operando,,53
16/5/2005,8/7/2005,COBRANÇA COM REGISTRO,INTERNET,6,Operando,,53
16/5/2005,3/7/2005,CONTAS A PAGAR,INTERNET,8,Operando,,48
17/5/2005,2/7/2005,COBRANÇA COM REGISTRO,CNAB,7,Desistiu,MAU ATENDIMENTO,46
17/5/2005,1/7/2005,COBRANÇA COM REGISTRO,CNAB,7,Desistiu,MUDANÇAS INTERNAS,45
17/5/2005,26/7/2005,CONTAS A PAGAR,INTERNET,8,Desistiu,MUITA BUROCRACIA,70
17/5/2005,1/6/2005,COBRANÇA COM REGISTRO,CNAB,3,Operando,,15
17/5/2005,7/7/2005,CONTAS A PAGAR,INTERNET,8,Operando,,51
17/5/2005,7/7/2005,CONTAS A PAGAR,INTERNET,8,Operando,,51
17/5/2005,7/7/2005,CONTAS A PAGAR,INTERNET,7,Operando,,51
17/5/2005,15/6/2005,CONTAS A PAGAR,INTERNET,6,Operando,,29
17/5/2005,14/6/2005,CONTAS A PAGAR,INTERNET,5,Operando,,28
17/5/2005,8/6/2005,CONTAS A PAGAR,INTERNET,4,Operando,,22
17/5/2005,24/5/2005,COBRANÇA COM REGISTRO,INTERNET,4,Operando,,7
18/5/2005,19/7/2005,CONTAS A PAGAR,CNAB,7,Desistiu,NÃO CUMPRIU PRAZO,62
18/5/2005,25/7/2005,COBRANÇA COM REGISTRO,INTERNET,8,Desistiu,NÃO CUMPRIU PRAZO,68
18/5/2005,16/7/2005,CONTAS A PAGAR,INTERNET,8,Desistiu,NÃO CUMPRIU PRAZO,59
18/5/2005,10/7/2005,CONTAS A PAGAR,CNAB,7,Operando,,53
18/5/2005,8/6/2005,COBRANÇA COM REGISTRO,CNAB,3,Operando,,21
18/5/2005,2/8/2005,CONTAS A PAGAR,INTERNET,8,Operando,,76
18/5/2005,4/7/2005,CONTAS A PAGAR,INTERNET,6,Operando,,47
18/5/2005,7/6/2005,CONTAS A PAGAR,INTERNET,5,Operando,,20
18/5/2005,7/6/2005,CONTAS A PAGAR,INTERNET,8,Operando,,20
18/5/2005,4/6/2005,CONTAS A PAGAR,INTERNET,3,Operando,,17
19/5/2005,25/7/2005,COBRANÇA COM REGISTRO,CNAB,9,Desistiu,FALTA ASSISTENCIA TECNICA,67
19/5/2005,11/7/2005,CONTAS A PAGAR,INTERNET,6,Desistiu,NÃO CUMPRIU PRAZO,53
19/5/2005,9/7/2005,CONTAS A PAGAR,INTERNET,8,Desistiu,NÃO CUMPRIU PRAZO,51
19/5/2005,7/6/2005,CONTAS A PAGAR,INTERNET,5,Desistiu,PREÇO DOS SERVIÇOS,19
19/5/2005,19/7/2005,CONTAS A PAGAR,INTERNET,7,Operando,,61
19/5/2005,8/7/2005,CONTAS A PAGAR,INTERNET,6,Operando,,50
19/5/2005,8/7/2005,CONTAS A PAGAR,INTERNET,7,Operando,,50
19/5/2005,8/7/2005,CONTAS A PAGAR,INTERNET,9,Operando,,50
19/5/2005,7/7/2005,COBRANÇA COM REGISTRO,INTERNET,7,Operando,,49
19/5/2005,11/6/2005,COBRANÇA COM REGISTRO,INTERNET,5,Operando,,23
19/5/2005,5/6/2005,COBRANÇA SEM REGISTRO,INTERNET,4,Operando,,17
20/5/2005,24/7/2005,COBRANÇA COM REGISTRO,CNAB,9,Desistiu,NÃO CUMPRIU PRAZO,65
20/5/2005,22/7/2005,CONTAS A PAGAR,CNAB,7,Desistiu,FALTA ASSISTENCIA TECNICA,63
20/5/2005,21/7/2005,COBRANÇA COM REGISTRO,CNAB,9,Desistiu,MUITA BUROCRACIA,62
20/5/2005,3/7/2005,CONTAS A PAGAR,CNAB,5,Desistiu,NÃO CUMPRIU PRAZO,44
20/5/2005,30/6/2005,CONTAS A PAGAR,CNAB,7,Desistiu,MUITA BUROCRACIA,41
20/5/2005,9/7/2005,COBRANÇA COM REGISTRO,INTERNET,5,Desistiu,FALTA ASSISTENCIA TECNICA,50
20/5/2005,9/7/2005,CONTAS A PAGAR,INTERNET,6,Desistiu,MUITA BUROCRACIA,50
20/5/2005,8/7/2005,CONTAS A PAGAR,INTERNET,7,Desistiu,NÃO CUMPRIU PRAZO,49
20/5/2005,7/7/2005,CONTAS A PAGAR,INTERNET,8,Desistiu,NÃO CUMPRIU PRAZO,48
20/5/2005,27/6/2005,CONTAS A PAGAR,INTERNET,5,Desistiu,NÃO CUMPRIU PRAZO,38
20/5/2005,1/7/2005,COBRANÇA COM REGISTRO,CNAB,5,Operando,,42
20/5/2005,4/6/2005,CONTAS A PAGAR,CNAB,2,Operando,,15
20/5/2005,20/7/2005,CONTAS A PAGAR,INTERNET,7,Operando,,61
20/5/2005,7/7/2005,CONTAS A PAGAR,INTERNET,6,Operando,,48
20/5/2005,18/6/2005,CONTAS A PAGAR,INTERNET,2,Operando,,29
20/5/2005,16/6/2005,COBRANÇA COM REGISTRO,INTERNET,5,Operando,,27
20/5/2005,10/6/2005,COBRANÇA COM REGISTRO,INTERNET,4,Operando,,21
20/5/2005,8/6/2005,CONTAS A PAGAR,INTERNET,4,Operando,,19
20/5/2005,7/6/2005,COBRANÇA COM REGISTRO,INTERNET,5,Operando,,18
20/5/2005,6/6/2005,COBRANÇA SEM REGISTRO,INTERNET,5,Operando,,17
20/5/2005,2/6/2005,CONTAS A PAGAR,INTERNET,4,Operando,,13
23/5/2005,29/7/2005,CONTAS A PAGAR,CNAB,10,Desistiu,NÃO CUMPRIU PRAZO,67
23/5/2005,17/7/2005,COBRANÇA COM REGISTRO,CNAB,5,Operando,,55
23/5/2005,7/7/2005,COBRANÇA COM REGISTRO,CNAB,7,Operando,,45
23/5/2005,13/7/2005,CONTAS A PAGAR,INTERNET,7,Operando,,51
23/5/2005,25/6/2005,CONTAS A PAGAR,INTERNET,4,Operando,,33
23/5/2005,25/6/2005,CONTAS A PAGAR,INTERNET,5,Operando,,33
23/5/2005,23/6/2005,CONTAS A PAGAR,INTERNET,8,Operando,,31
23/5/2005,9/6/2005,CONTAS A PAGAR,INTERNET,4,Operando,,17
23/5/2005,5/6/2005,COBRANÇA COM REGISTRO,INTERNET,6,Operando,,13
23/5/2005,28/5/2005,COBRANÇA COM REGISTRO,INTERNET,3,Operando,,5
24/5/2005,6/7/2005,COBRANÇA COM REGISTRO,CNAB,5,Desistiu,NÃO CUMPRIU PRAZO,43
24/5/2005,11/7/2005,COBRANÇA COM REGISTRO,INTERNET,8,Desistiu,MUITA BUROCRACIA,48
24/5/2005,5/7/2005,COBRANÇA COM REGISTRO,CNAB,5,Operando,,42
24/5/2005,26/6/2005,COBRANÇA COM REGISTRO,CNAB,5,Operando,,33
25/5/2005,12/7/2005,COBRANÇA COM REGISTRO,INTERNET,7,Desistiu,NÃO CUMPRIU PRAZO,48
25/5/2005,11/7/2005,COBRANÇA COM REGISTRO,INTERNET,9,Desistiu,MUITA BUROCRACIA,47
25/5/2005,21/6/2005,CONTAS A PAGAR,INTERNET,4,Operando,,27
25/5/2005,19/6/2005,CONTAS A PAGAR,INTERNET,5,Operando,,25
25/5/2005,14/6/2005,CONTAS A PAGAR,INTERNET,4,Operando,,20
27/5/2005,25/7/2005,CONTAS A PAGAR,CNAB,7,Desistiu,NÃO CUMPRIU PRAZO,59
27/5/2005,24/7/2005,COBRANÇA COM REGISTRO,CNAB,8,Desistiu,MUITA BUROCRACIA,58
27/5/2005,15/7/2005,COBRANÇA COM REGISTRO,INTERNET,7,Operando,,49
27/5/2005,14/7/2005,COBRANÇA COM REGISTRO,INTERNET,8,Operando,,48
27/5/2005,14/7/2005,COBRANÇA COM REGISTRO,INTERNET,6,Operando,,48
30/5/2005,10/10/2005,CONTAS A PAGAR,CNAB,13,Desistiu,NÃO CUMPRIU PRAZO,133
30/5/2005,5/8/2005,COBRANÇA COM REGISTRO,CNAB,9,Desistiu,NÃO CUMPRIU PRAZO,67
30/5/2005,22/7/2005,CONTAS A PAGAR,CNAB,8,Desistiu,NÃO CUMPRIU PRAZO,53
30/5/2005,3/8/2005,COBRANÇA COM REGISTRO,INTERNET,7,Desistiu,NÃO CUMPRIU PRAZO,65
30/5/2005,20/7/2005,CONTAS A PAGAR,INTERNET,5,Desistiu,FALTA ASSISTENCIA TECNICA,51
30/5/2005,17/7/2005,COBRANÇA COM REGISTRO,INTERNET,7,Desistiu,FALTA DE RETORNO,48
30/5/2005,29/6/2005,CONTAS A PAGAR,CNAB,7,Operando,,30
30/5/2005,16/7/2005,COBRANÇA COM REGISTRO,INTERNET,6,Operando,,47
30/5/2005,11/7/2005,CONTAS A PAGAR,INTERNET,4,Operando,,42
30/5/2005,10/7/2005,CONTAS A PAGAR,INTERNET,7,Operando,,41
30/5/2005,10/7/2005,CONTAS A PAGAR,INTERNET,10,Operando,,41
30/5/2005,29/6/2005,CONTAS A PAGAR,INTERNET,5,Operando,,30
30/5/2005,29/6/2005,CONTAS A PAGAR,INTERNET,8,Operando,,30
30/5/2005,28/6/2005,CONTAS A PAGAR,INTERNET,7,Operando,,29
30/5/2005,28/6/2005,CONTAS A PAGAR,INTERNET,7,Operando,,29
30/5/2005,23/6/2005,CONTAS A PAGAR,INTERNET,6,Operando,,24
30/5/2005,17/6/2005,CONTAS A PAGAR,INTERNET,5,Operando,,18
31/5/2005,5/8/2005,COBRANÇA COM REGISTRO,CNAB,8,Desistiu,FALTA ASSISTENCIA TECNICA,66
31/5/2005,2/8/2005,CONTAS A PAGAR,CNAB,6,Desistiu,MUITA BUROCRACIA,63
31/5/2005,24/7/2005,COBRANÇA COM REGISTRO,CNAB,6,Desistiu,MAU ATENDIMENTO,54
31/5/2005,23/7/2005,COBRANÇA COM REGISTRO,CNAB,7,Desistiu,MUITA BUROCRACIA,53
31/5/2005,23/7/2005,COBRANÇA COM REGISTRO,CNAB,8,Desistiu,NÃO CUMPRIU PRAZO,53
31/5/2005,23/7/2005,COBRANÇA COM REGISTRO,CNAB,7,Desistiu,FALTA DE RETORNO,53
31/5/2005,21/7/2005,COBRANÇA COM REGISTRO,CNAB,7,Desistiu,FALTA ASSISTENCIA TECNICA,51
31/5/2005,21/7/2005,COBRANÇA COM REGISTRO,CNAB,7,Desistiu,MUITA BUROCRACIA,51
31/5/2005,19/6/2005,COBRANÇA COM REGISTRO,INTERNET,2,Desistiu,OFERTA CONCORRENCIA,19
31/5/2005,18/6/2005,COBRANÇA SEM REGISTRO,INTERNET,4,Desistiu,FALTA ASSISTENCIA TECNICA,18
31/5/2005,24/7/2005,COBRANÇA COM REGISTRO,CNAB,8,Operando,,54
31/5/2005,23/7/2005,COBRANÇA COM REGISTRO,CNAB,6,Operando,,53
31/5/2005,12/7/2005,COBRANÇA COM REGISTRO,CNAB,5,Operando,,42
31/5/2005,11/7/2005,CONTAS A PAGAR,INTERNET,5,Operando,,41